trade_date,value,ma,ma20,value_ben,buy,sell,return,bench_self
2020-01-10,100000,-0.012967581047381448,-0.04076267664172903,24.06,,,0.0,0.0
2020-01-13,100000,-0.0068994181213632745,-0.03872610141313373,24.53,,,0.0,0.01953449709060692
2020-01-14,100000,-0.002992518703241861,-0.037011637572734804,24.22,,,0.0,0.0066500415627597734
2020-01-15,100295.07330999999,-0.0009143807148794043,-0.03594139650872807,23.91,-0.006234413965087223,,0.002950733099999925,-0.006234413965087223
2020-01-16,100541.07330999999,-0.00012468827930175037,-0.03458021612635082,23.97,-0.0037406483790523633,,0.005410733099999925,-0.0037406483790523633
2020-01-17,99885.07330999999,-0.00012468827930175037,-0.03338528678304248,23.81,,,-0.001149266900000075,-0.010390689941812137
2020-01-20,101812.07330999999,0.0014131338320865533,-0.031411055694098196,24.28,,,0.018120733099999925,0.00914380714879478
2020-01-21,99147.07330999999,-0.0004987531172070015,-0.030268079800499014,23.63,,,-0.008529266900000075,-0.017871986699916863
2020-01-22,98245.07330999999,-0.0027015793848712086,-0.029353699085619463,23.41,,,-0.017549266900000075,-0.027015793848711497
2020-01-23,94514.07330999999,-0.009476309226932584,-0.02929135494596859,22.5,,,-0.05485926690000008,-0.06483790523690768
2020-02-03,85458.21831,-0.02514546965918539,-0.031036990856193093,20.29,-0.15669160432252702,,-0.14541781690000002,-0.15669160432252702
2020-02-04,82932.73184999997,-0.04551122194513726,-0.03363466334164598,19.63,,-0.18412302576891104,-0.17067268150000034,-0.18412302576891104
2020-02-05,82932.73184999997,-0.06300914380714888,-0.03625311720698259,20.01,,,-0.17067268150000034,-0.1683291770573565
2020-02-06,82932.73184999997,-0.07714048212801337,-0.038393599334995775,20.51,,,-0.17067268150000034,-0.14754779717373223
2020-02-07,83180.75584999997,-0.09114713216957612,-0.0404405652535328,20.6,-0.14380714879467987,,-0.1681924415000003,-0.14380714879467987
2020-02-10,83836.11224999998,-0.10320033250207832,-0.04248753117206981,20.91,,-0.13092269326683287,-0.16163887750000022,-0.13092269326683287
2020-02-11,83836.11224999998,-0.11745635910224457,-0.04479426433915219,20.85,,,-0.16163887750000022,-0.13341645885286774
2020-02-12,83836.11224999998,-0.1277223607647548,-0.046612635078969435,21.16,,,-0.16163887750000022,-0.12053200332502073
2020-02-13,83836.11224999998,-0.13848711554447204,-0.04884663341645894,20.82,,,-0.16163887750000022,-0.13466334164588523
2020-02-14,83836.11224999998,-0.1457190357439734,-0.051174147963424746,20.76,,,-0.16163887750000022,-0.1371571072319201
2020-02-17,83836.11224999998,-0.13965087281795524,-0.05228595178719864,21.75,,,-0.16163887750000022,-0.09600997506234409
2020-02-18,83836.11224999998,-0.12834580216126357,-0.05312759767248545,22.35,,,-0.16163887750000022,-0.0710723192019949
2020-02-19,83264.46076999999,-0.11990856192851213,-0.05441604322527025,22.04,-0.08395677472984205,,-0.1673553923000001,-0.08395677472984205
2020-02-20,84300.46076999999,-0.11238570241063996,-0.05570448877805491,22.32,-0.0723192019950124,,-0.1569953923000001,-0.0723192019950124
2020-02-21,84770.05070999998,-0.10498753117206983,-0.05693059019118869,22.38,,-0.06982543640897755,-0.1522994929000002,-0.06982543640897755
2020-02-24,85025.00373,-0.0992518703241896,-0.058322942643391516,22.29,-0.07356608478802991,,-0.14974996270000004,-0.07356608478802991
2020-02-25,83353.00373,-0.09509559434746469,-0.05997506234413971,21.85,-0.09185369908561918,,-0.16646996270000003,-0.09185369908561918
2020-02-26,83486.92256999998,-0.09235245220282633,-0.061169991687447904,21.82,,-0.09310058187863668,-0.1651307743000002,-0.09310058187863668
2020-02-27,83734.66964999997,-0.08886118038237746,-0.06272859517871963,21.66,-0.09975062344139646,,-0.16265330350000032,-0.09975062344139646
2020-02-28,78642.66964999997,-0.09068994181213642,-0.06561720698254347,20.32,,,-0.21357330350000034,-0.1554447215295095
2020-03-02,81385.82086999997,-0.09301745635910237,-0.06769534497090578,21.19,,-0.11928512053200323,-0.18614179130000033,-0.11928512053200323
2020-03-03,81385.82086999997,-0.09638403990024949,-0.0692851205320031,21.54,,,-0.18614179130000033,-0.10473815461346632
2020-03-04,81628.83020999997,-0.09729842061512889,-0.07080216126350768,21.82,-0.09310058187863668,,-0.1837116979000003,-0.09310058187863668
2020-03-05,83367.83020999997,-0.09742310889443065,-0.07196591853699058,22.29,,,-0.1663216979000003,-0.07356608478802991
2020-03-06,83243.31817999997,-0.09821280133000845,-0.07361803823773863,22.19,,-0.07772236076475468,-0.16756681820000027,-0.07772236076475468
2020-03-09,83243.31817999997,-0.10083125519534505,-0.07585203657522828,21.66,,,-0.16756681820000027,-0.09975062344139646
2020-03-10,83243.31817999997,-0.09979218620116376,-0.07773275145469624,22.1,,,-0.16756681820000027,-0.08146300914380704
2020-03-11,83243.31817999997,-0.09771404821280144,-0.07957190357439706,22.32,,,-0.16756681820000027,-0.0723192019950124
2020-03-12,83489.69269999999,-0.09821280133000845,-0.08206566916043206,21.54,-0.10473815461346632,,-0.16510307300000016,-0.10473815461346632
2020-03-13,81475.69269999999,-0.0953449709060682,-0.08530756442227728,21.01,-0.12676641729010796,,-0.18524307300000015,-0.12676641729010796
2020-03-16,78967.69269999999,-0.0988362427265172,-0.08916251039068969,20.35,,,-0.21032307300000014,-0.154197838736492
2020-03-17,79427.59111999998,-0.10353283458021627,-0.0934434746467162,20.41,,-0.15170407315045714,-0.20572408880000018,-0.15170407315045714
2020-03-18,79661.31460999997,-0.1114713216957607,-0.09792186201163736,19.91,-0.17248545303408142,,-0.20338685390000028,-0.17248545303408142
2020-03-19,79544.31460999997,-0.12148794679966758,-0.1021093100581877,19.88,,,-0.20455685390000028,-0.1737323358270989
2020-03-20,81611.31460999997,-0.1288861180382377,-0.10580839567747291,20.41,-0.15170407315045714,,-0.18388685390000029,-0.15170407315045714
2020-03-23,79072.03630999997,-0.13703241895261847,-0.11007896924355758,19.7,,-0.18121363258520365,-0.20927963690000034,-0.18121363258520365
2020-03-24,79072.03630999997,-0.14522028262676656,-0.11439110556940967,20.13,,,-0.20927963690000034,-0.16334164588528677
2020-03-25,79072.03630999997,-0.153657522859518,-0.11786159600997496,20.29,,,-0.20927963690000034,-0.15669160432252702
2020-03-26,79305.40762999997,-0.16055694098088127,-0.12152950955943459,19.88,-0.1737323358270989,,-0.20694592370000028,-0.1737323358270989
2020-03-27,79071.40762999997,-0.16550290939318382,-0.12431421446384025,19.82,,,-0.20928592370000026,-0.17622610141313377
2020-03-30,76380.40762999997,-0.17057356608478816,-0.1255195344970906,19.13,-0.20490440565253532,,-0.23619592370000028,-0.20490440565253532
2020-03-31,76380.40762999997,-0.17589359933499596,-0.12603906899418119,19.13,-0.20490440565253532,,-0.23619592370000028,-0.20490440565253532
2020-04-01,76759.94899999998,-0.17896924355777227,-0.12691188694929342,19.17,,-0.20324189526184527,-0.23240051000000023,-0.20324189526184527
2020-04-02,76759.94899999998,-0.180922693266833,-0.12805486284289275,19.41,,,-0.23240051000000023,-0.1932668329177057
2020-04-03,76759.94899999998,-0.18507896924355777,-0.12929135494596838,19.41,,,-0.23240051000000023,-0.1932668329177057
2020-04-07,76228.52089999999,-0.1840399002493766,-0.1302888611803824,19.95,-0.1708229426433915,,-0.23771479100000012,-0.1708229426433915
2020-04-08,77026.52089999999,-0.18391521197007485,-0.13100581878636747,20.16,,,-0.2297347910000001,-0.16209476309226928
2020-04-09,77026.52089999999,-0.18445552784704916,-0.13204488778054863,20.16,-0.16209476309226928,,-0.2297347910000001,-0.16209476309226928
2020-04-10,75392.52089999999,-0.1850789692435579,-0.1331774729842061,19.73,,,-0.24607479100000013,-0.17996674979218613
2020-04-13,74898.52089999999,-0.18599334995843717,-0.1343827930174563,19.6,-0.18536990856192842,,-0.2510147910000001,-0.18536990856192842
2020-04-14,75734.52089999999,-0.1831255195344972,-0.13638819617622602,19.82,-0.17622610141313377,,-0.24265479100000012,-0.17622610141313377
2020-04-15,75962.52089999999,-0.1800083125519536,-0.1389546965918536,19.88,-0.1737323358270989,,-0.24037479100000012,-0.1737323358270989
2020-04-16,75734.52089999999,-0.17730673316708237,-0.14126142975893585,19.82,-0.17622610141313377,,-0.24265479100000012,-0.17622610141313377
2020-04-17,76264.6247,-0.17443890274314228,-0.14356816292601793,20.1,,-0.16458852867830415,-0.237353753,-0.16458852867830415
2020-04-20,76264.6247,-0.17157107231920216,-0.14593724023275118,20.1,,,-0.237353753,-0.16458852867830415
2020-04-21,76264.6247,-0.1721113881961763,-0.1485037406483788,19.82,,,-0.237353753,-0.17622610141313377
2020-04-22,76264.6247,-0.16550290939318382,-0.14860764754779696,21.75,,,-0.237353753,-0.09600997506234409
2020-04-23,76264.6247,-0.16018287614297602,-0.14900249376558578,21.44,,,-0.237353753,-0.10889443059019109
2020-04-24,76264.6247,-0.15278470490440574,-0.14915835411471298,21.51,,,-0.237353753,-0.10598503740648368
2020-04-27,76264.6247,-0.14551122194513721,-0.14808811305070624,21.35,,,-0.237353753,-0.11263507896924345
2020-04-28,76264.6247,-0.14276807980049885,-0.14882585203657486,20.48,,,-0.237353753,-0.14879467996674972
2020-04-29,76490.17905,-0.13640897755610973,-0.14896093100581848,21.41,-0.1101413133832086,,-0.23509820949999993,-0.1101413133832086
2020-04-30,76595.17905,-0.12967581047381535,-0.14935577722360716,21.44,,,-0.23404820949999994,-0.10889443059019109
2020-05-06,79347.08344999999,-0.12111388196176233,-0.14949085619285077,22.16,,-0.07896924355777218,-0.20652916550000008,-0.07896924355777218
2020-05-07,79347.08344999999,-0.1128013300083125,-0.14958437240232708,22.1,,,-0.20652916550000008,-0.08146300914380704
2020-05-08,79347.08344999999,-0.10399002493765581,-0.1492934330839563,21.94,,,-0.20652916550000008,-0.08811305070656682
2020-05-11,79347.08344999999,-0.10369908561928502,-0.14958437240232708,21.82,,,-0.20652916550000008,-0.09310058187863668
2020-05-12,79347.08344999999,-0.1016209476309227,-0.14997921862011593,21.94,,,-0.20652916550000008,-0.08811305070656682
2020-05-13,79583.52497,-0.10033250207813806,-0.1496882793017451,21.82,-0.09310058187863668,,-0.2041647503,-0.09310058187863668
2020-05-14,77354.27356999999,-0.10033250207813806,-0.14933499584372345,21.35,,-0.11263507896924345,-0.2264572643000001,-0.11263507896924345
2020-05-15,77354.27356999999,-0.09696591853699094,-0.14835827098919316,21.29,,,-0.2264572643000001,-0.11512884455527846
2020-05-18,76825.78967000001,-0.09642560266001664,-0.14718412302576855,21.54,-0.10473815461346632,,-0.23174210329999986,-0.10473815461346632
2020-05-19,77035.78967000001,-0.09576059850374073,-0.1454280964256023,21.6,,,-0.22964210329999987,-0.10224438902743131
2020-05-20,74665.31212,-0.10029093931837076,-0.14419160432252667,21.07,,-0.12427265170407309,-0.25334687879999995,-0.12427265170407309
2020-05-21,74665.31212,-0.10444721529509567,-0.14347464671654162,21.1,,,-0.25334687879999995,-0.12302576891105559
2020-05-22,74665.31212,-0.10806317539484628,-0.1420511221945132,21.07,,,-0.25334687879999995,-0.12427265170407309
2020-05-25,74665.31212,-0.1102660016625105,-0.14084580216126313,21.29,,,-0.25334687879999995,-0.11512884455527846
2020-05-26,74665.31212,-0.11076475477971749,-0.13925602660016584,21.82,,,-0.25334687879999995,-0.09310058187863668
2020-05-27,74665.31212,-0.11051537822111399,-0.13717788861180336,21.88,,,-0.25334687879999995,-0.09060681629260182
2020-05-28,74665.31212,-0.10910224438902759,-0.13523482959268437,21.69,,,-0.25334687879999995,-0.09850374064837895
2020-05-29,74665.31212,-0.10702410640066513,-0.13247090606816259,21.79,,,-0.25334687879999995,-0.09434746467165418
2020-06-01,74665.31212,-0.10407315045719041,-0.1292290108063172,22.25,,,-0.25334687879999995,-0.07522859517871981
2020-06-02,74665.31212,-0.10211970074812972,-0.12621571072319165,22.07,,,-0.25334687879999995,-0.08270989193682454
2020-06-03,74665.31212,-0.0987531172069826,-0.12364921030756419,21.88,,,-0.25334687879999995,-0.09060681629260182
2020-06-04,74883.83812,-0.09501246882793024,-0.12095802161263484,22.0,-0.08561928512053195,,-0.2511616188,-0.08561928512053195
2020-06-05,75516.93312,-0.09035743973399832,-0.11863050706566874,22.19,-0.07772236076475468,,-0.24483066879999998,-0.07772236076475468
2020-06-08,76162.93312,-0.08582709891936831,-0.11632377389858636,22.38,,,-0.2383706688,-0.06982543640897755
2020-06-09,76672.93312,-0.08287614297589359,-0.11386118038237708,22.53,,,-0.2332706688,-0.06359102244389017
2020-06-10,73841.64602,-0.08300083125519535,-0.11165835411471288,21.85,,-0.09185369908561918,-0.2615835398,-0.09185369908561918
2020-06-11,73841.64602,-0.08391521197007475,-0.10971529509559404,21.47,,,-0.2615835398,-0.10764754779717373
2020-06-12,73841.64602,-0.0848295926849543,-0.10789692435577694,21.57,,,-0.2615835398,-0.10349127182044882
2020-06-15,73841.64602,-0.08857024106400667,-0.1063694929343305,21.35,,,-0.2615835398,-0.11263507896924345
2020-06-16,73339.19726000002,-0.09002493765586037,-0.10439526184538607,21.72,-0.09725685785536159,,-0.26660802739999984,-0.09725685785536159
2020-06-17,74494.19726000002,-0.08923524522028271,-0.10234829592684905,22.07,,,-0.25505802739999983,-0.08270989193682454
2020-06-18,73768.19726000002,-0.08985868661679147,-0.10052992518703195,21.85,,,-0.2623180273999998,-0.09185369908561918
2020-06-19,74395.19726000002,-0.09048212801330022,-0.09822319201994972,22.04,-0.08395677472984205,,-0.2560480273999998,-0.08395677472984205
2020-06-22,73768.19726000002,-0.09268495428096443,-0.09811928512053154,21.85,,,-0.2623180273999998,-0.09185369908561918
2020-06-23,72641.56604000002,-0.09630091438071489,-0.09789068994181177,21.66,,-0.09975062344139646,-0.2735843395999998,-0.09975062344139646
2020-06-24,72641.56604000002,-0.09771404821280144,-0.09789068994181177,21.51,,,-0.2735843395999998,-0.10598503740648368
2020-06-29,72641.56604000002,-0.0975477971737324,-0.09772443890274286,21.51,,,-0.2735843395999998,-0.10598503740648368
2020-06-30,72854.14428000002,-0.09546965918536994,-0.09607231920199481,22.07,-0.08270989193682454,,-0.2714585571999998,-0.08270989193682454
2020-07-01,72837.12732000001,-0.09185369908561933,-0.09523067331670801,22.22,,-0.07647547797173732,-0.27162872679999983,-0.07647547797173732
2020-07-02,72837.12732000001,-0.08873649210307571,-0.09416043225270126,22.47,,,-0.27162872679999983,-0.06608478802992518
2020-07-03,72837.12732000001,-0.0859102244389026,-0.09354738154613437,22.75,,,-0.27162872679999983,-0.054447215295095545
2020-07-06,72837.12732000001,-0.07801330008312547,-0.09183291770573546,23.75,,,-0.27162872679999983,-0.012884455527846997
2020-07-07,72344.18412000002,-0.07219451371571066,-0.09027431421446343,23.44,-0.025768911055693993,,-0.2765581587999998,-0.025768911055693993
2020-07-08,75254.18412000002,-0.06155444721529502,-0.08758312551953423,24.41,,,-0.2474581587999998,0.01454696591853705
2020-07-09,75344.18412000002,-0.049999999999999975,-0.0849854530340812,24.44,0.015793848711554554,,-0.2465581587999998,0.015793848711554554
2020-07-10,75794.18412000002,-0.03719866999168743,-0.08210723192019923,24.59,0.022028262676641777,,-0.2420581587999998,0.022028262676641777
2020-07-13,77204.18412000002,-0.02244389027431418,-0.07825228595178697,25.06,,,-0.2279581587999998,0.04156275976724855
2020-07-14,75576.43482000001,-0.011554447215295041,-0.07471945137157096,24.69,,0.02618453865336669,-0.2442356517999999,0.02618453865336669
2020-07-15,75576.43482000001,-0.002992518703241861,-0.07187240232751427,24.28,,,-0.2442356517999999,0.00914380714879478
2020-07-16,75576.43482000001,0.0009143807148795519,-0.0699916874480463,23.41,,,-0.2442356517999999,-0.027015793848711497
2020-07-17,75797.76614,0.004945968412302567,-0.06723815461346608,23.72,-0.0141313383208645,,-0.24202233859999994,-0.0141313383208645
2020-07-20,79951.76614,0.010390689941812284,-0.06312344139650831,25.06,,,-0.20048233859999992,0.04156275976724855
2020-07-21,79083.76614,0.015960099750623458,-0.05926849542809606,24.78,0.029925187032419056,,-0.20916233859999994,0.029925187032419056
2020-07-22,80726.76614,0.01970074812967582,-0.05509143807148787,25.31,,,-0.19273233859999994,0.051953449709060684
2020-07-23,82276.76614,0.02539484621778889,-0.05094555278470482,25.81,0.07273482959268496,,-0.17723233859999993,0.07273482959268496
2020-07-24,78990.76614,0.02605985037406494,-0.04796342477140482,24.75,,,-0.21009233859999993,0.028678304239401552
2020-07-27,78804.76614,0.02452202826267664,-0.04484621778886106,24.69,0.02618453865336669,,-0.21195233859999993,0.02618453865336669
2020-07-28,79033.61775,0.02452202826267664,-0.041832917705735474,24.69,,0.02618453865336669,-0.20966382249999996,0.02618453865336669
2020-07-29,79033.61775,0.026724854530340843,-0.03917290108063171,24.81,,,-0.20966382249999996,0.03117206982543641
2020-07-30,78497.07936000002,0.03204488778054866,-0.03645054031587693,24.69,0.02618453865336669,,-0.2150292063999998,0.02618453865336669
2020-07-31,79365.07936000002,0.03724023275145473,-0.03323981712385686,24.97,0.03782211138819618,,-0.20634920639999982,0.03782211138819618
2020-08-03,86898.07936000002,0.04696591853699097,-0.027628844555278535,27.4,,,-0.1310192063999998,0.13881961762261014
2020-08-04,86119.64890000001,0.057605985037406604,-0.022277639235245277,27.34,,0.1363258520365753,-0.13880351099999985,0.1363258520365753
2020-08-05,86119.64890000001,0.06683291770573568,-0.016926433915212022,27.53,,,-0.13880351099999985,0.14422277639235256
2020-08-06,86119.64890000001,0.07252701579384875,-0.012094763092269343,27.18,,,-0.13880351099999985,0.12967581047381552
2020-08-07,86119.64890000001,0.0845802161263508,-0.006068162926018469,27.65,,,-0.13880351099999985,0.14921030756442227
2020-08-10,86372.75980000001,0.09846217788861195,0.0007481296758103546,28.03,0.16500415627597684,,-0.13627240199999985,0.16500415627597684
2020-08-11,83314.32190000001,0.10777223607647562,0.0063175394846215266,26.93,,0.11928512053200337,-0.1668567809999999,0.11928512053200337
2020-08-12,83314.32190000001,0.11853699085619288,0.01260390689941791,27.4,,,-0.1668567809999999,0.13881961762261014
2020-08-13,83314.32190000001,0.12851205320033246,0.01818370739817109,27.09,,,-0.1668567809999999,0.12593516209476316
2020-08-14,83563.45960000002,0.13940149625935158,0.02391936824605161,27.59,0.14671654197838743,,-0.16436540399999983,0.14671654197838743
2020-08-17,83163.63910000001,0.14044056525353305,0.029945968412302484,27.65,,0.14921030756442227,-0.16836360899999986,0.14921030756442227
2020-08-18,82584.05230000002,0.14135494596841244,0.035681629260183,27.56,0.14546965918536992,,-0.17415947699999976,0.14546965918536992
2020-08-19,81654.05230000002,0.14019118869492955,0.041292601828761474,27.25,,,-0.18345947699999976,0.1325852036575229
2020-08-20,79160.32210000002,0.13669991687448052,0.04615544472152944,26.34,,0.09476309226932673,-0.2083967789999998,0.09476309226932673
2020-08-21,79160.32210000002,0.13113050706566906,0.05114297589359916,26.31,,,-0.2083967789999998,0.09351620947630923
2020-08-24,79160.32210000002,0.1241064006650042,0.05616167913549446,26.34,,,-0.2083967789999998,0.09476309226932673
2020-08-25,79397.98267000003,0.11803823773898586,0.05969451371571063,25.47,0.058603491271820456,,-0.20602017329999972,0.058603491271820456
2020-08-26,77661.98267000003,0.10768911055694103,0.06248960931005815,24.91,,,-0.22338017329999973,0.03532834580216133
2020-08-27,78436.98267000003,0.099667497921862,0.06528470490440552,25.16,,,-0.21563017329999973,0.045719035743973464
2020-08-28,78670.19071000002,0.08956774729842051,0.06778886118038224,25.16,,0.045719035743973464,-0.21329809289999976,0.045719035743973464
2020-08-31,78136.65961000003,0.08009143807148808,0.06947215295095573,25.37,0.05444721529509569,,-0.2186334038999997,0.05444721529509569
2020-09-01,78796.65961000003,0.07190357439734,0.07170615128844522,25.59,0.06359102244389032,,-0.2120334038999997,0.06359102244389032
2020-09-02,77776.65961000003,0.06359102244389032,0.07257896924355763,25.25,0.04945968412302582,,-0.22223340389999968,0.04945968412302582
2020-09-03,77026.65961000003,0.058021612635079,0.07316084788029922,25.0,0.039068994181213686,,-0.2297334038999997,0.039068994181213686
2020-09-04,76234.29691000003,0.05220282626766418,0.07349334995843718,24.91,,0.03532834580216133,-0.23765703089999965,0.03532834580216133
2020-09-07,76234.29691000003,0.04443059019118866,0.07288029925187013,24.47,,,-0.23765703089999965,0.017040731504571912
2020-09-08,76234.29691000003,0.040523690773067396,0.07271404821280124,24.53,,,-0.23765703089999965,0.01953449709060692
2020-09-09,76457.24761000003,0.03960931005818784,0.07314006650041564,24.69,0.02618453865336669,,-0.23542752389999966,0.02618453865336669
2020-09-10,72227.24761000003,0.03179551122194516,0.07300498753117203,23.28,,,-0.27772752389999966,-0.03241895261845377
2020-09-11,72977.24761000003,0.025020781379883637,0.07280756442227755,23.53,,,-0.27022752389999966,-0.02202826267664163
2020-09-14,73374.07761000004,0.017913549459684163,0.071352867830424,23.66,-0.01662510390689936,,-0.2662592238999996,-0.01662510390689936
2020-09-15,73839.07761000004,0.010515378221113886,0.07034497090606813,23.81,,,-0.26160922389999963,-0.010390689941812137
2020-09-16,73046.08893000003,0.004156275976724914,0.06869285120531979,23.72,,-0.0141313383208645,-0.26953911069999975,-0.0141313383208645
2020-09-17,73261.99623000002,-0.0003740648379052511,0.06671862011637565,23.91,-0.006234413965087223,,-0.2673800376999998,-0.006234413965087223
2020-09-18,74371.99623000002,-0.002992518703241861,0.0662302576891105,24.28,,,-0.2562800376999998,0.00914380714879478
2020-09-21,74761.99623000002,-0.003241895261845362,0.06593931837073956,24.41,,,-0.25238003769999984,0.01454696591853705
2020-09-22,72511.99623000002,-0.006857855361595975,0.06486907730673297,23.66,-0.01662510390689936,,-0.2748800376999998,-0.01662510390689936
2020-09-23,72421.99623000002,-0.01126350789692439,0.06364297589359905,23.63,,,-0.2757800376999998,-0.017871986699916863
2020-09-24,70347.58923000001,-0.012011637572734891,0.061990856192850996,23.1,,-0.03990024937655849,-0.2965241076999999,-0.03990024937655849
2020-09-25,70556.99493000002,-0.013424771404821297,0.06014131338320861,23.19,-0.03615960099750613,,-0.29443005069999983,-0.03615960099750613
2020-09-28,70736.99493000002,-0.015128844555278503,0.05582917705735651,23.25,-0.03366583541147127,,-0.29263005069999987,-0.03366583541147127
2020-09-29,72326.99493000002,-0.015253532834580254,0.0521300914380713,23.78,-0.011637572734829493,,-0.27673005069999984,-0.011637572734829493
2020-09-30,70815.45813000003,-0.01641729010806316,0.04788029925187022,23.44,,-0.025768911055693993,-0.2918454186999997,-0.025768911055693993
2020-10-09,70815.45813000003,-0.015378221113882004,0.044742310889443034,24.16,,,-0.2918454186999997,0.004156275976724914
2020-10-12,70815.45813000003,-0.012759767248545247,0.041895261845386354,24.91,,,-0.2918454186999997,0.03532834580216133
2020-10-13,70815.45813000003,-0.010556940980881039,0.038684538653366574,24.94,,,-0.2918454186999997,0.03657522859517883
2020-10-14,70815.45813000003,-0.00536159600997497,0.036585619285120545,24.91,,,-0.2918454186999997,0.03532834580216133
2020-10-15,70815.45813000003,8.312551953459868e-05,0.03402950955943481,24.94,,,-0.2918454186999997,0.03657522859517883
2020-10-16,70815.45813000003,0.0064422277639234245,0.03147339983374892,24.63,,,-0.2918454186999997,0.023690773067331684
2020-10-19,70815.45813000003,0.016292601828761407,0.02936408977556103,25.56,,,-0.2918454186999997,0.06234413965087282
2020-10-20,70815.45813000003,0.026932668329177047,0.027452202826267622,25.81,,,-0.2918454186999997,0.07273482959268496
2020-10-21,70815.45813000003,0.034995843724023375,0.025540315876974216,25.72,,,-0.2918454186999997,0.0689941812136326
2020-10-22,71022.69663000003,0.043557772236076556,0.02372194513715712,25.5,0.05985037406483796,,-0.2897730336999996,0.05985037406483796
2020-10-23,71309.80032000002,0.04925187032418948,0.022880299251870455,25.53,,0.06109725685785546,-0.2869019967999998,0.06109725685785546
2020-10-26,71309.80032000002,0.05054031587697428,0.021747714048212838,25.22,,,-0.2869019967999998,0.04821280133000832
2020-10-27,71309.80032000002,0.05598503740648385,0.021654197838736674,26.25,,,-0.2869019967999998,0.09102244389027438
2020-10-28,70822.99788000004,0.05935162094763096,0.021913965087282036,25.72,0.0689941812136326,,-0.2917700211999996,0.0689941812136326
2020-10-29,68878.99788000004,0.05960099750623446,0.02200748129675835,25.0,,,-0.31121002119999963,0.039068994181213686
2020-10-30,64653.59508000005,0.0553200332502078,0.020386533665835593,23.6,,-0.01911886949293422,-0.3534640491999995,-0.01911886949293422
2020-11-02,64653.59508000005,0.045719035743973464,0.018401911886949597,23.25,,,-0.3534640491999995,-0.03366583541147127
2020-11-03,64841.888640000056,0.038445552784704934,0.017040731504572058,24.06,0.0,,-0.35158111359999944,0.0
2020-11-04,63957.888640000056,0.030133000831255256,0.015097672485453214,23.72,-0.0141313383208645,,-0.36042111359999945,-0.0141313383208645
2020-11-05,65023.888640000056,0.024438902743142185,0.01393391521197016,24.13,0.00290939318370741,,-0.34976111359999945,0.00290939318370741
2020-11-06,64113.888640000056,0.01716541978387366,0.012666251039069081,23.78,,,-0.35886111359999945,-0.011637572734829493
2020-11-09,64763.888640000056,0.012219451371571093,0.011751870324189676,24.03,-0.001246882793017356,,-0.35236111359999944,-0.001246882793017356
2020-11-10,65413.888640000056,0.004031587697423163,0.01155444721529519,24.28,,,-0.34586111359999944,0.00914380714879478
2020-11-11,64191.888640000056,-0.003906899418121265,0.01080631753948454,23.81,-0.010390689941812137,,-0.35808111359999945,-0.010390689941812137
2020-11-12,63307.888640000056,-0.010266001662510387,0.009538653366583461,23.47,,,-0.36692111359999946,-0.02452202826267664
2020-11-13,63879.888640000056,-0.009891936824605135,0.009964671654197873,23.69,,,-0.36120111359999946,-0.015378221113881856
2020-11-16,65491.888640000056,-0.005486284289276721,0.01077514546965925,24.31,,,-0.34508111359999943,0.010390689941812137
2020-11-17,64451.888640000056,-0.0061097256857854726,0.011034912718204464,23.91,,,-0.35548111359999945,-0.006234413965087223
2020-11-18,64763.888640000056,-0.004821280133000818,0.011263507896924242,24.03,-0.001246882793017356,,-0.35236111359999944,-0.001246882793017356
2020-11-19,66323.88864000005,-0.0027431421446383604,0.012209060681629231,24.63,0.023690773067331684,,-0.3367611135999995,0.023690773067331684
2020-11-20,66063.88864000005,0.0003740648379052511,0.012853283458021558,24.53,0.01953449709060692,,-0.33936111359999954,0.01953449709060692
2020-11-23,66323.88864000005,0.002867830423940111,0.013216957605984948,24.63,,,-0.3367611135999995,0.023690773067331684
2020-11-24,66019.88520000005,0.003532834580216162,0.013248129675810386,24.44,,0.015793848711554554,-0.3398011479999995,0.015793848711554554
2020-11-25,66019.88520000005,0.005236907730673368,0.013830008312551986,24.22,,,-0.3398011479999995,0.0066500415627597734
2020-11-26,66019.88520000005,0.007689110556940928,0.014276807980049827,24.06,,,-0.3398011479999995,0.0
2020-11-27,66019.88520000005,0.01159600997506234,0.015866583541146995,24.63,,,-0.3398011479999995,0.023690773067331684
2020-11-30,66019.88520000005,0.012510390689941746,0.017258935993349826,24.53,,,-0.3398011479999995,0.01953449709060692
2020-12-01,65569.88526000005,0.015752285951787254,0.018755195344970832,24.69,0.02618453865336669,,-0.34430114739999945,0.02618453865336669
2020-12-02,65840.05854000004,0.018620116375727365,0.01973192019950111,24.72,,0.02743142144638405,-0.3415994145999996,0.02743142144638405
2020-12-03,65840.05854000004,0.018453865336658316,0.0209268495428096,24.59,,,-0.3415994145999996,0.022028262676641777
2020-12-04,65394.61510000005,0.018079800498753067,0.0212177888611804,24.44,0.015793848711554554,,-0.3460538489999995,0.015793848711554554
2020-12-07,64822.61510000005,0.016375727348296006,0.020500831255195334,24.22,0.0066500415627597734,,-0.3517738489999995,0.0066500415627597734
2020-12-08,63582.07476000005,0.0141729010806318,0.019430590191188597,23.91,,-0.006234413965087223,-0.36417925239999954,-0.006234413965087223
2020-12-09,63582.07476000005,0.010806317539484687,0.017871986699916863,23.41,,,-0.36417925239999954,-0.027015793848711497
2020-12-10,63582.07476000005,0.007315045719035677,0.016084788029925207,23.22,,,-0.36417925239999954,-0.034912718204488775
2020-12-11,63582.07476000005,-0.0004987531172070015,0.0141313383208645,22.75,,,-0.36417925239999954,-0.054447215295095545
2020-12-14,63582.07476000005,-0.007231920199501226,0.011377805486284278,22.91,,,-0.36417925239999954,-0.047797173732335774
2020-12-15,63151.48551000006,-0.015295095594347404,0.008198254364089939,22.75,-0.054447215295095545,,-0.36848514489999945,-0.054447215295095545
2020-12-16,62908.48551000006,-0.023857024106400733,0.005018703241895304,22.66,,,-0.37091514489999944,-0.05818786367414791
2020-12-17,62665.48551000006,-0.03225270157938486,0.00197423108894443,22.57,,,-0.3733451448999994,-0.06192851205320027
2020-12-18,62847.69312000005,-0.04002493765586039,-0.001101413133831882,22.57,,-0.06192851205320027,-0.3715230687999995,-0.06192851205320027
2020-12-21,62847.69312000005,-0.04613466334164601,-0.003667913549459479,22.75,,,-0.3715230687999995,-0.054447215295095545
2020-12-22,63035.806080000046,-0.05274314214463849,-0.0077514546965916555,22.32,-0.0723192019950124,,-0.36964193919999955,-0.0723192019950124
2020-12-23,64963.85976000005,-0.05469659185369919,-0.010640066500415194,22.94,,-0.04655029093931827,-0.3503614023999995,-0.04655029093931827
2020-12-24,64963.85976000005,-0.054571903574397444,-0.012458437240232437,23.25,,,-0.3503614023999995,-0.03366583541147127
2020-12-25,64523.807010000055,-0.05249376558603498,-0.012822111388195827,23.25,-0.03366583541147127,,-0.35476192989999944,-0.03366583541147127
2020-12-28,63843.70833000005,-0.05145469659185383,-0.012915627597672287,23.16,,-0.03740648379052364,-0.36156291669999946,-0.03740648379052364
2020-12-29,63843.70833000005,-0.049999999999999975,-0.01391313383208629,23.1,,,-0.36156291669999946,-0.03990024937655849
2020-12-30,63843.70833000005,-0.04754779717373227,-0.014401496259351429,23.25,,,-0.36156291669999946,-0.03366583541147127
2020-12-31,63843.70833000005,-0.04251870324189525,-0.014765170407314966,23.78,,,-0.36156291669999946,-0.011637572734829493
2021-01-04,63843.70833000005,-0.03736492103075634,-0.01473399833748953,23.81,,,-0.36156291669999946,-0.010390689941812137
2021-01-05,63843.70833000005,-0.033998337489609225,-0.015222360764754668,23.56,,,-0.36156291669999946,-0.020781379883624274
2021-01-06,64033.96140000005,-0.029467996674979204,-0.016126350789692358,23.41,-0.027015793848711497,,-0.3596603859999995,-0.027015793848711497
2021-01-07,60242.08302000005,-0.03362427265170412,-0.018069409808811204,21.94,,-0.08811305070656682,-0.3975791697999995,-0.08811305070656682
2021-01-08,60418.11384000004,-0.04023275145469659,-0.019950124688279173,21.66,-0.09975062344139646,,-0.39581886159999957,-0.09975062344139646
2021-01-11,58663.11384000005,-0.049542809642560276,-0.02273482959268498,21.01,-0.12676641729010796,,-0.4133688615999995,-0.12676641729010796
2021-01-12,60175.11384000004,-0.0561512884455529,-0.02558187863674122,21.57,,,-0.39824886159999956,-0.10349127182044882
2021-01-13,60755.459400000036,-0.06188694929343312,-0.027857439733998016,21.72,,-0.09725685785536159,-0.39244540599999966,-0.09725685785536159
2021-01-14,60333.00876000003,-0.06575228595178723,-0.029634247714048108,22.32,-0.0723192019950124,,-0.39666991239999966,-0.0723192019950124
2021-01-15,59901.00876000003,-0.0724854530340816,-0.032200748129675556,22.16,,,-0.40098991239999965,-0.07896924355777218
2021-01-18,59563.21689000004,-0.07921862011637568,-0.03463216957605969,22.19,,-0.07772236076475468,-0.40436783109999963,-0.07772236076475468
2021-01-19,59563.21689000004,-0.0860764754779718,-0.03745843724023265,21.91,,,-0.40436783109999963,-0.08935993349958432
2021-01-20,59563.21689000004,-0.09347464671654193,-0.04037822111388192,21.63,,,-0.40436783109999963,-0.10099750623441396
2021-01-21,59563.21689000004,-0.09476309226932673,-0.043069409808811264,21.63,,,-0.40436783109999963,-0.10099750623441396
2021-01-22,59563.21689000004,-0.0970906068162927,-0.04614505403158758,21.1,,,-0.40436783109999963,-0.12302576891105559
2021-01-25,59151.61773000004,-0.09725685785536159,-0.049948046550290816,20.97,-0.128428927680798,,-0.40848382269999955,-0.128428927680798
2021-01-26,58199.61773000004,-0.10116375727348301,-0.05400041562759755,20.63,,,-0.4180038226999996,-0.1425602660016625
2021-01-27,57462.19601000004,-0.10619285120532003,-0.0583437240232751,20.51,,-0.14754779717373223,-0.42537803989999956,-0.14754779717373223
2021-01-28,57462.19601000004,-0.11463009143807146,-0.06294679966749771,20.29,,,-0.42537803989999956,-0.15669160432252702
2021-01-29,57462.19601000004,-0.12136325852036584,-0.06715502909393163,20.54,,,-0.42537803989999956,-0.14630091438071488
2021-02-01,57462.19601000004,-0.13029925187032426,-0.0717269326683291,20.04,,,-0.42537803989999956,-0.16708229426433915
2021-02-02,57634.21149000004,-0.1365336658354115,-0.07568578553615952,20.41,-0.15170407315045714,,-0.42365788509999963,-0.15170407315045714
2021-02-03,56289.40145000004,-0.14301745635910235,-0.07967581047381524,20.07,,-0.16583541147132164,-0.43710598549999957,-0.16583541147132164
2021-02-04,56289.40145000004,-0.1528678304239402,-0.08398794679966734,19.26,,,-0.43710598549999957,-0.19950124688279292
2021-02-05,56289.40145000004,-0.16051537822111397,-0.0881026600166251,19.26,,,-0.43710598549999957,-0.19950124688279292
2021-02-08,56289.40145000004,-0.16699916874480483,-0.09157315045719039,19.41,,,-0.43710598549999957,-0.1932668329177057
2021-02-09,56289.40145000004,-0.17177888611803835,-0.09513715710723199,19.48,,,-0.43710598549999957,-0.19035743973399827
2021-02-10,55906.459170000046,-0.17593516209476312,-0.09850374064837895,19.51,-0.18911055694098078,,-0.44093540829999955,-0.18911055694098078
2021-02-18,57474.45917000004,-0.17684954280964252,-0.1011949293433083,20.07,-0.16583541147132164,,-0.42525540829999964,-0.16583541147132164
2021-02-19,59126.45917000004,-0.17635078969243553,-0.1031795511221946,20.66,,,-0.4087354082999996,-0.141313383208645
2021-02-22,59826.45917000004,-0.1727348295926849,-0.10490440565253537,20.91,,,-0.4017354082999996,-0.13092269326683287
2021-02-23,60358.459170000046,-0.16986699916874481,-0.1066188694929343,21.1,-0.12302576891105559,,-0.39641540829999955,-0.12302576891105559
2021-02-24,59658.459170000046,-0.16662510390689944,-0.10814630091438074,20.85,-0.13341645885286774,,-0.40341540829999956,-0.13341645885286774
2021-02-25,59658.459170000046,-0.16001662510390682,-0.11031795511221935,20.85,,,-0.40341540829999956,-0.13341645885286774
2021-02-26,58790.45917000004,-0.15469659185369916,-0.11313383208645045,20.54,,,-0.41209540829999963,-0.14630091438071488
2021-03-01,59406.459170000046,-0.14908561928512068,-0.11572111388196177,20.76,,,-0.4059354082999995,-0.1371571072319201
2021-03-02,58790.45917000004,-0.14467996674979225,-0.11844347464671656,20.54,,,-0.41209540829999963,-0.14630091438071488
2021-03-03,59910.45917000004,-0.1387364921030757,-0.12068786367414777,20.94,-0.12967581047381535,,-0.40089540829999964,-0.12967581047381535
2021-03-04,60106.459170000046,-0.13482959268495442,-0.12301537822111373,21.01,-0.12676641729010796,,-0.39893540829999957,-0.12676641729010796
2021-03-05,60358.459170000046,-0.13300083125519532,-0.12580008312551938,21.1,-0.12302576891105559,,-0.39641540829999955,-0.12302576891105559
2021-03-08,59742.45917000004,-0.13312551953449708,-0.1288445552784704,20.88,,,-0.4025754082999996,-0.13216957605985036
2021-03-09,59383.67585000004,-0.13482959268495442,-0.13182668329177025,20.69,,-0.1400665004156275,-0.40616324149999955,-0.1400665004156275
2021-03-10,59383.67585000004,-0.1365336658354115,-0.13491271820448858,20.44,,,-0.40616324149999955,-0.15045719035743962
2021-03-11,59383.67585000004,-0.13574397339983368,-0.13584788029925157,21.04,,,-0.40616324149999955,-0.1255195344970906
2021-03-12,59561.50665000005,-0.13341645885286788,-0.13642975893599316,21.1,-0.12302576891105559,,-0.40438493349999954,-0.12302576891105559
2021-03-15,61745.50665000004,-0.12876142975893612,-0.13552576891105533,21.88,-0.09060681629260182,,-0.38254493349999963,-0.09060681629260182
2021-03-16,61493.50665000004,-0.12356608478803004,-0.13529717373233555,21.79,,,-0.3850649334999996,-0.09434746467165418
2021-03-17,60961.50665000005,-0.12082294264339152,-0.1354218620116373,21.6,-0.10224438902743131,,-0.39038493349999953,-0.10224438902743131
2021-03-18,60608.75117000003,-0.11916043225270162,-0.1363674147963423,21.41,,-0.1101413133832086,-0.3939124882999997,-0.1101413133832086
2021-03-19,60608.75117000003,-0.11787198669991697,-0.13714671654197821,21.41,,,-0.3939124882999997,-0.1101413133832086
2021-03-22,60786.569930000034,-0.11371571072319206,-0.13746882793017431,21.88,-0.09060681629260182,,-0.39213430069999966,-0.09060681629260182
2021-03-23,59679.569930000034,-0.11047381546134669,-0.13792601828761403,21.47,,,-0.4032043006999997,-0.10764754779717373
2021-03-24,59868.569930000034,-0.10590191188694938,-0.13801953449709034,21.54,,,-0.4013143006999997,-0.10473815461346632
2021-03-25,59033.06519000003,-0.10448877805486283,-0.13827930174563585,21.38,,-0.1113881961762261,-0.4096693480999997,-0.1113881961762261
2021-03-26,58623.10637000004,-0.102161263507897,-0.13769742310889424,21.66,-0.09975062344139646,,-0.4137689362999996,-0.09975062344139646
2021-03-29,58299.10637000004,-0.10357439733998342,-0.13710515378221108,21.54,,,-0.41700893629999963,-0.10473815461346632
2021-03-30,60729.10637000004,-0.10087281795511222,-0.1352244389027431,22.44,-0.06733167082294254,,-0.39270893629999964,-0.06733167082294254
2021-03-31,60734.57657000004,-0.09671654197838744,-0.13305278470490434,22.6,,-0.060681629260182765,-0.39265423429999957,-0.060681629260182765
2021-04-01,60910.89635000003,-0.09206151288445567,-0.13072527015793853,22.53,-0.06359102244389017,,-0.3908910364999997,-0.06359102244389017
2021-04-02,60088.78635000003,-0.08869492934330857,-0.12897963424771403,22.22,-0.07647547797173732,,-0.3991121364999997,-0.07647547797173732
2021-04-06,60782.70228000002,-0.08649210307564421,-0.1265170407315046,22.41,,-0.06857855361596005,-0.39217297719999983,-0.06857855361596005
2021-04-07,60782.70228000002,-0.08246051537822105,-0.1244077306733167,22.44,,,-0.39217297719999983,-0.06733167082294254
2021-04-08,60782.70228000002,-0.08079800498753113,-0.12246467165419771,21.94,,,-0.39217297719999983,-0.08811305070656682
2021-04-09,60782.70228000002,-0.07822111388196168,-0.11961762261014118,22.0,,,-0.39217297719999983,-0.08561928512053195
2021-04-12,60782.70228000002,-0.07784704904405643,-0.11703034081463,21.75,,,-0.39217297719999983,-0.09600997506234409
2021-04-13,60782.70228000002,-0.07734829592684943,-0.11469243557772203,21.66,,,-0.39217297719999983,-0.09975062344139646
2021-04-14,60364.98339000003,-0.07888611803823772,-0.11200124688279284,22.07,-0.08270989193682454,,-0.3963501660999997,-0.08270989193682454
2021-04-15,60109.323900000025,-0.08083956774729843,-0.10927888611803806,22.13,,-0.08021612635078969,-0.3989067609999998,-0.08021612635078969
2021-04-16,60109.323900000025,-0.08171238570241068,-0.10694098088113009,22.32,,,-0.3989067609999998,-0.0723192019950124
2021-04-19,60109.323900000025,-0.08042394014962588,-0.10499792186201125,22.53,,,-0.3989067609999998,-0.06359102244389017
2021-04-20,60109.323900000025,-0.08029925187032429,-0.10340814630091393,22.44,,,-0.3989067609999998,-0.06733167082294254
2021-04-21,60109.323900000025,-0.08054862842892778,-0.10207813798836211,22.38,,,-0.3989067609999998,-0.06982543640897755
2021-04-22,60284.70456000003,-0.07859517871986708,-0.10045719035743936,22.41,-0.06857855361596005,,-0.3971529543999997,-0.06857855361596005
2021-04-23,59062.70456000003,-0.07884455527847058,-0.0993246051537819,21.94,,,-0.4093729543999997,-0.08811305070656682
2021-04-26,58334.70456000003,-0.07921862011637568,-0.09816084788029884,21.66,-0.09975062344139646,,-0.4166529543999997,-0.09975062344139646
2021-04-27,55916.70456000003,-0.0830839567747298,-0.09819201995012443,20.73,-0.13840399002493758,,-0.4408329543999997,-0.13840399002493758
2021-04-28,55916.70456000003,-0.08865336658354112,-0.09799459684122994,20.73,-0.13840399002493758,,-0.4408329543999997,-0.13840399002493758
2021-04-29,55734.70456000003,-0.09476309226932673,-0.09828553615960074,20.66,,,-0.44265295439999974,-0.141313383208645
2021-04-30,56176.70456000002,-0.10095594347464695,-0.09847256857855337,20.83,-0.1342477140482128,,-0.4382329543999998,-0.1342477140482128
2021-05-06,56211.232300000025,-0.10735660847880309,-0.09858686616791311,20.99,,-0.12759767248545306,-0.43788767699999975,-0.12759767248545306
2021-05-07,56211.232300000025,-0.11388196176226095,-0.09859725685785511,20.87,,,-0.43788767699999975,-0.13258520365752277
2021-05-10,55828.66856000002,-0.11965918536990833,-0.09828553615960059,20.99,-0.12759767248545306,,-0.4417133143999998,-0.12759767248545306
2021-05-11,56166.66856000003,-0.1250207813798836,-0.09757896924355754,21.12,-0.12219451371571063,,-0.43833331439999973,-0.12219451371571063
2021-05-12,56330.85544000003,-0.12842892768079786,-0.09749584372402294,21.12,,-0.12219451371571063,-0.43669144559999973,-0.12219451371571063
2021-05-13,56330.85544000003,-0.13158769742310877,-0.09770365752285928,20.9,,,-0.43669144559999973,-0.13133832086450542
2021-05-14,56330.85544000003,-0.12946799667497916,-0.09836866167913534,21.24,,,-0.43669144559999973,-0.11720698254364091
2021-05-17,56330.85544000003,-0.12772236076475466,-0.09903366583541139,21.15,,,-0.43669144559999973,-0.12094763092269328
2021-05-18,56330.85544000003,-0.12531172069825425,-0.0994077306733165,21.24,,,-0.43669144559999973,-0.11720698254364091
2021-05-19,56330.85544000003,-0.12427265170407295,-0.0997506234413963,21.08,,,-0.43669144559999973,-0.12385702410640069
2021-05-20,55948.838480000035,-0.12439733998337484,-0.10021820448877787,20.96,-0.1288445552784704,,-0.44051161519999965,-0.1288445552784704
2021-05-21,56442.83848000003,-0.12323358270989193,-0.10097672485453009,21.15,,,-0.4355716151999997,-0.12094763092269328
2021-05-24,56368.27750000003,-0.12206982543640889,-0.10118453865336643,21.27,,-0.11596009975062341,-0.4363172249999997,-0.11596009975062341
2021-05-25,55980.61048000004,-0.12144638403990013,-0.10146508728179537,21.27,-0.11596009975062341,,-0.44019389519999963,-0.11596009975062341
2021-05-26,56239.50600000004,-0.11978387364921007,-0.10131961762261005,21.52,,-0.10556940980881127,-0.4376049399999996,-0.10556940980881127
2021-05-27,56239.50600000004,-0.11683291770573552,-0.10137157107231906,21.61,,,-0.4376049399999996,-0.10182876142975891
2021-05-28,56239.50600000004,-0.11616791354945961,-0.10151704073150454,21.4,,,-0.4376049399999996,-0.11055694098088115
2021-05-31,56239.50600000004,-0.11579384871155451,-0.10276392352452189,21.24,,,-0.4376049399999996,-0.11720698254364091
2021-06-01,55851.29220000004,-0.11554447215295086,-0.10411471321695757,21.3,-0.1147132169576059,,-0.4414870779999996,-0.1147132169576059
2021-06-02,56579.29220000003,-0.1134663341645884,-0.1051018287614297,21.58,,,-0.4342070779999997,-0.10307564422277642
2021-06-03,56189.29220000004,-0.11151288445552769,-0.1059226932668328,21.43,,,-0.4381070779999996,-0.10931005818786364
2021-06-04,56095.11162000003,-0.11076475477971734,-0.10704488778054841,21.33,,-0.11346633416458855,-0.4390488837999997,-0.11346633416458855
2021-06-07,56262.58802000003,-0.11022443890274304,-0.108125519534497,21.4,-0.11055694098088115,,-0.4373741197999997,-0.11055694098088115
2021-06-08,56574.58802000004,-0.10918536990856188,-0.10856192851205314,21.52,-0.10556940980881127,,-0.4342541197999996,-0.10556940980881127
2021-06-09,56418.58802000004,-0.10943474646716539,-0.10912302576891102,21.46,,,-0.4358141197999996,-0.10806317539484614
2021-06-10,56730.58802000003,-0.10955943474646714,-0.10929966749792178,21.58,,,-0.43269411979999967,-0.10307564422277642
2021-06-11,56496.58802000003,-0.10918536990856174,-0.10947630922693269,21.49,-0.10681629260182877,,-0.4350341197999997,-0.10681629260182877
2021-06-15,56652.58802000004,-0.10789692435577694,-0.11001662510390699,21.55,,,-0.4334741197999996,-0.10432252701579377
2021-06-16,57315.594780000036,-0.10606816292601813,-0.11042186201163767,21.74,,-0.09642560266001664,-0.42684405219999966,-0.09642560266001664
2021-06-17,57315.594780000036,-0.10448877805486283,-0.11079592684954293,21.96,,,-0.42684405219999966,-0.08728179551122187
2021-06-18,57315.594780000036,-0.10270157938487087,-0.11149210307564426,21.86,,,-0.42684405219999966,-0.09143807148794678
2021-06-21,57315.594780000036,-0.10049875311720681,-0.1120947630922693,21.86,,,-0.42684405219999966,-0.09143807148794678
2021-06-22,57315.594780000036,-0.09650872817955079,-0.11211554447215287,22.36,,,-0.42684405219999966,-0.0706566916043225
2021-06-23,57315.594780000036,-0.09393183707398163,-0.11239609310058181,22.14,,,-0.42684405219999966,-0.07980049875311714
2021-06-24,57315.594780000036,-0.09056525353283437,-0.11205320033250214,22.27,,,-0.42684405219999966,-0.07439733998337486
2021-06-25,57315.594780000036,-0.08848711554447207,-0.11161679135494587,22.08,,,-0.42684405219999966,-0.08229426433915214
2021-06-28,57315.594780000036,-0.08628428927680785,-0.11027639235245221,22.02,,,-0.42684405219999966,-0.084788029925187
2021-06-29,57315.594780000036,-0.08536990856192817,-0.10919576059850375,21.77,,,-0.42684405219999966,-0.09517871986699913
2021-06-30,57486.43636000003,-0.08499584372402305,-0.10798004987531154,21.83,-0.09268495428096428,,-0.42513563639999974,-0.09268495428096428
2021-07-01,56030.436360000036,-0.08786367414796331,-0.10752285951787184,21.27,,,-0.43969563639999965,-0.11596009975062341
2021-07-02,56368.43636000003,-0.08977556109725687,-0.10709684123025771,21.4,-0.11055694098088115,,-0.4363156363999997,-0.11055694098088115
2021-07-05,57096.436360000036,-0.09052369077306736,-0.10625519534497105,21.68,-0.0989193682460515,,-0.42903563639999964,-0.0989193682460515
2021-07-06,57264.97668000003,-0.09334995843724019,-0.10553823773898584,21.68,,-0.0989193682460515,-0.4273502331999997,-0.0989193682460515
2021-07-07,57264.97668000003,-0.0952618453865336,-0.10495635910224453,21.68,,,-0.4273502331999997,-0.0989193682460515
2021-07-08,57264.97668000003,-0.09696591853699094,-0.10418744804655031,21.86,,,-0.4273502331999997,-0.09143807148794678
2021-07-09,56867.64988000003,-0.0981296758104737,-0.10325228595178748,21.8,-0.09393183707398163,,-0.4313235011999997,-0.09393183707398163
2021-07-12,57439.64988000003,-0.09812967581047355,-0.1024418121363261,22.02,-0.084788029925187,,-0.4256035011999997,-0.084788029925187
2021-07-13,57607.46012000003,-0.09617622610141284,-0.10130922693266849,22.24,,-0.07564422277639236,-0.4239253987999997,-0.07564422277639236
2021-07-14,57780.49298000003,-0.09501246882793009,-0.10040523690773094,22.11,-0.08104738154613464,,-0.4221950701999997,-0.08104738154613464
2021-07-15,57234.492980000025,-0.09239401496259333,-0.09955320033250226,21.9,,,-0.42765507019999977,-0.08977556109725687
2021-07-16,58196.49298000003,-0.08877805486284286,-0.09819201995012487,22.27,-0.07439733998337486,,-0.4180350701999997,-0.07439733998337486
2021-07-19,61030.49298000003,-0.08179551122194499,-0.09589567747298434,23.36,,,-0.38969507019999966,-0.029093931837073955
2021-07-20,60146.49298000003,-0.07622610141313367,-0.09407730673316726,23.02,,,-0.3985350701999997,-0.04322527015793846
2021-07-21,60536.49298000004,-0.07003325020781374,-0.09210307564422297,23.17,,,-0.3946350701999996,-0.036990856192851085
2021-07-22,63136.49298000004,-0.060432252701579266,-0.0893495428096429,24.17,0.004571903574397464,,-0.3686350701999996,0.004571903574397464
2021-07-23,62408.49298000003,-0.051745635910224186,-0.08698046550290979,23.89,,,-0.3759150701999997,-0.007065669160432176
2021-07-26,61406.31440000004,-0.04488778054862836,-0.0846217788861184,23.67,,-0.016209476309226808,-0.3859368559999996,-0.016209476309226808
2021-07-27,60992.54915000005,-0.03919368246051529,-0.08215918536990897,23.61,-0.01870324189526182,,-0.39007450849999953,-0.01870324189526182
2021-07-28,59040.798900000045,-0.03553615960099738,-0.0804031587697426,22.99,,-0.04447215295095596,-0.40959201099999953,-0.04447215295095596
2021-07-29,59040.798900000045,-0.02805486284289265,-0.0782003325020784,23.7,,,-0.40959201099999953,-0.014962593516209453
2021-07-30,59040.798900000045,-0.023773898586866134,-0.07625727348295941,23.3,,,-0.40959201099999953,-0.03158769742310882
2021-08-02,59040.798900000045,-0.02169576059850368,-0.07362842892768108,23.86,,,-0.40959201099999953,-0.00831255195344968
2021-08-03,58629.66240000005,-0.019866999168744723,-0.0714879467996676,23.46,-0.02493765586034904,,-0.41370337599999946,-0.02493765586034904
2021-08-04,59554.662400000045,-0.017123857024106213,-0.06908769742310905,23.83,-0.009559434746467184,,-0.40445337599999953,-0.009559434746467184
2021-08-05,59609.912900000054,-0.017747298420614965,-0.066427680798005,24.02,,-0.0016625103906899065,-0.40390087099999944,-0.0016625103906899065
2021-08-06,59782.277540000054,-0.017871986699916714,-0.06405860349127174,23.86,-0.00831255195344968,,-0.40217722459999944,-0.00831255195344968
2021-08-09,59165.47254000005,-0.018121363258520217,-0.061855777223607536,23.61,-0.01870324189526182,,-0.4083452745999995,-0.01870324189526182
2021-08-10,61698.98379000005,-0.014214463840398952,-0.05873857024106407,24.55,,0.02036575228595187,-0.3830101620999995,0.02036575228595187
2021-08-11,61281.24387000006,-0.0065669160432253225,-0.055527847049043996,24.83,0.03200332502078136,,-0.3871875612999994,0.03200332502078136
2021-08-12,59673.08379000006,-0.003948462177888712,-0.05306525353283443,24.33,,0.01122194513715709,-0.40326916209999936,0.01122194513715709
2021-08-13,59673.08379000006,0.0007065669160432028,-0.05040523690773052,24.42,,,-0.40326916209999936,0.0149625935162096
2021-08-16,59267.96187000007,0.0016209476309227548,-0.048098503740648134,24.08,0.0008312551953449532,,-0.40732038129999926,0.0008312551953449532
2021-08-17,58355.96187000008,0.00261845386533661,-0.04670615128844531,23.7,-0.014962593516209453,,-0.4164403812999992,-0.014962593516209453
2021-08-18,59795.96187000008,0.004571903574397317,-0.04446176226101395,24.3,0.009975062344139734,,-0.4020403812999992,0.009975062344139734
2021-08-19,59195.96187000008,0.004696591853699215,-0.04261221945137142,24.05,,,-0.4080403812999992,-0.0004156275976724028
2021-08-20,59483.96187000009,0.00598503740648387,-0.0404405652535328,24.17,0.004571903574397464,,-0.40516038129999915,0.004571903574397464
2021-08-23,61247.21979000008,0.012094763092269343,-0.03726101413133816,25.08,,0.0423940149625935,-0.38752780209999915,0.0423940149625935
2021-08-24,61247.21979000008,0.015211970074812954,-0.03359310058187853,25.3,,,-0.38752780209999915,0.051537822111388285
2021-08-25,61430.853870000086,0.01766417290108081,-0.029862842892767884,25.42,0.056525353283458146,,-0.38569146129999915,0.056525353283458146
2021-08-26,61646.853870000086,0.02256857855361608,-0.025457190357439617,25.51,,,-0.38353146129999915,0.06026600166251051
2021-08-27,60650.39739000007,0.025062344139651086,-0.02169576059850368,25.02,,0.039900249376558644,-0.3934960260999993,0.039900249376558644
2021-08-30,60650.39739000007,0.028553615960099653,-0.01832917705735671,24.92,,,-0.3934960260999993,0.03574397339983387
2021-08-31,60650.39739000007,0.03362427265170412,-0.0149625935162096,24.92,,,-0.3934960260999993,0.03574397339983387
2021-09-01,60832.008750000066,0.03711554447215313,-0.011367414796342564,25.14,0.044887780548628506,,-0.39167991249999934,0.044887780548628506
2021-09-02,61504.00875000007,0.042809642560266196,-0.0076683291770575,25.42,,,-0.3849599124999993,0.056525353283458146
2021-09-03,61229.05923000006,0.04721529509559447,-0.0041043225270159,25.23,,0.04862842892768087,-0.38770940769999945,0.04862842892768087
2021-09-06,61229.05923000006,0.04709060681629286,-0.0009559434746468512,25.05,,,-0.38770940769999945,0.04114713216957615
2021-09-07,61229.05923000006,0.04862842892768087,0.002608063175394453,25.67,,,-0.38770940769999945,0.06691604322527028
2021-09-08,61229.05923000006,0.04875311720698247,0.006078553615959739,25.45,,,-0.38770940769999945,0.057772236076475504
2021-09-09,61408.29570000005,0.05033250207813793,0.010224438902742793,25.89,0.07605985037406492,,-0.38591704299999946,0.07605985037406492
2021-09-10,59786.97717000004,0.050706566916043326,0.013175394846217353,25.11,,0.043640897755611,-0.40213022829999956,0.043640897755611
2021-09-13,59960.19063000005,0.05112219451371573,0.014900249376558134,25.02,0.039900249376558644,,-0.4003980936999995,0.039900249376558644
2021-09-14,58373.19063000004,0.048669991687448316,0.01626142975893582,24.33,,,-0.41626809369999956,0.01122194513715709
2021-09-15,59224.19063000005,0.046841230257689215,0.01785120532003314,24.7,,,-0.4077580936999995,0.026600166251039094
2021-09-16,59730.190630000056,0.04476309226932676,0.01863050706566908,24.92,0.03574397339983387,,-0.4026980936999994,0.03574397339983387
2021-09-17,60512.19063000005,0.04488778054862836,0.02005403158769735,25.26,0.049875311720698375,,-0.39487809369999954,0.049875311720698375
2021-09-22,62536.19063000005,0.04941812136325838,0.022620532003324943,26.14,,,-0.3746380936999995,0.08645054031587705
2021-09-23,62458.52630000004,0.051995012468827984,0.025405236907730454,26.29,,0.09268495428096428,-0.3754147369999996,0.09268495428096428
2021-09-24,62458.52630000004,0.05303408146300914,0.0282211138819617,25.7,,,-0.3754147369999996,0.06816292601828765
2021-09-27,62458.52630000004,0.04837905236907737,0.02933291770573559,24.77,,,-0.3754147369999996,0.029509559434746504
2021-09-28,62639.92094000004,0.04837905236907737,0.03121363258520356,25.11,0.043640897755611,,-0.3736007905999996,0.043640897755611
2021-09-29,58953.658700000036,0.0430590191188697,0.03108894430590196,23.74,,-0.013300083125519547,-0.4104634129999996,-0.013300083125519547
2021-09-30,58555.43462000005,0.04031587697423119,0.03130714879468002,23.67,-0.016209476309226808,,-0.4144456537999995,-0.016209476309226808
2021-10-08,60994.38326000004,0.04098088113050724,0.032377389858686614,24.86,,0.033250207813798865,-0.3900561673999996,0.033250207813798865
2021-10-11,60994.38326000004,0.041645885286783146,0.03347880299251879,25.08,,,-0.3900561673999996,0.0423940149625935
2021-10-12,60994.38326000004,0.038819617622610186,0.03422693266832944,24.58,,,-0.3900561673999996,0.02161263507896923
2021-10-13,60994.38326000004,0.028969243557772202,0.03439318370739834,23.77,,,-0.3900561673999996,-0.012053200332502043
2021-10-14,60994.38326000004,0.024854530340814737,0.03517248545303429,25.3,,,-0.3900561673999996,0.051537822111388285
2021-10-15,60994.38326000004,0.020698254364089824,0.035037406483790674,24.7,,,-0.3900561673999996,0.026600166251039094
2021-10-18,60994.38326000004,0.024438902743142334,0.036429758935993505,25.67,,,-0.3900561673999996,0.06691604322527028
2021-10-19,60994.38326000004,0.02535328345802159,0.03737531172069849,25.33,,,-0.3900561673999996,0.052784704904405635
2021-10-20,60994.38326000004,0.03221113881961757,0.03873649210307573,25.39,,,-0.3900561673999996,0.05527847049044064
2021-10-21,60994.38326000004,0.03869492934330814,0.040326267664173056,25.23,,,-0.3900561673999996,0.04862842892768087
2021-10-22,60994.38326000004,0.03711554447215283,0.04051330008312568,24.48,,,-0.3900561673999996,0.01745635910224446
2021-10-25,60994.38326000004,0.03437240232751462,0.040897755610972794,24.42,,,-0.3900561673999996,0.0149625935162096
2021-10-26,60575.18526000005,0.03162926018287611,0.04063798836242728,23.92,-0.005818786367414673,,-0.3942481473999995,-0.005818786367414673
2021-10-27,59349.80126000004,0.029925187032419056,0.038850789692435626,23.36,,-0.029093931837073955,-0.40650198739999965,-0.029093931837073955
2021-10-28,58941.46876000004,0.021612635078969523,0.036772651704073164,23.3,-0.03158769742310882,,-0.4105853123999996,-0.03158769742310882
2021-10-29,59341.46876000004,0.016458852867830605,0.03473607647547801,23.46,,,-0.4065853123999996,-0.02493765586034904
2021-11-01,59091.46876000004,0.006857855361596122,0.03250207813798837,23.36,-0.029093931837073955,,-0.4090853123999996,-0.029093931837073955
2021-11-02,58316.46876000004,-0.0026184538653364624,0.030455112219451345,23.05,,,-0.4168353123999996,-0.041978387364920954
2021-11-03,58791.46876000003,-0.011554447215294894,0.02870947630922699,23.24,-0.034081463009143824,,-0.4120853123999997,-0.034081463009143824
2021-11-04,59941.46876000004,-0.017913549459684014,0.02744181213632591,23.7,,,-0.4005853123999996,-0.014962593516209453
2021-11-05,58716.46876000004,-0.023192019950124536,0.025436408977556335,23.21,-0.035328345802161175,,-0.4128353123999996,-0.035328345802161175
2021-11-08,59091.46876000004,-0.027597672485453098,0.023295926849542858,23.36,,,-0.4090853123999996,-0.029093931837073955
2021-11-09,59303.88401000004,-0.028886118038237606,0.021612635078969374,23.61,,-0.01870324189526182,-0.40696115989999965,-0.01870324189526182
2021-11-10,59303.88401000004,-0.028221113881961555,0.020022859517872058,23.52,,,-0.40696115989999965,-0.02244389027431418
2021-11-11,59480.872010000036,-0.02730673316708215,0.017788861180382413,23.52,-0.02244389027431418,,-0.40519127989999965,-0.02244389027431418
2021-11-12,59616.01551000003,-0.026142975893599096,0.016012053200332617,23.74,,-0.013300083125519547,-0.40383984489999974,-0.013300083125519547
2021-11-15,59208.87471000003,-0.022651704073150383,0.014256026600166399,24.2,0.00581878636741482,,-0.4079112528999997,0.00581878636741482
2021-11-16,58588.40535000002,-0.018246051537821967,0.013216957605985244,24.11,,0.002078137988362457,-0.4141159464999998,0.002078137988362457
2021-11-17,58196.13276000002,-0.013715710723192097,0.01250000000000018,24.33,0.01122194513715709,,-0.41803867239999976,0.01122194513715709
2021-11-18,63647.13276000003,-0.0012468827930176513,0.0149625935162096,26.7,0.1097256857855362,,-0.3635286723999997,0.1097256857855362
2021-11-19,62783.93149000004,0.012468827930174446,0.016843308395677718,26.51,,0.10182876142975907,-0.3721606850999996,0.10182876142975907
2021-11-22,62783.93149000004,0.02452202826267649,0.018235660847880548,26.26,,,-0.3721606850999996,0.09143807148794693
2021-11-23,62970.921720000035,0.03865336658354114,0.020054031587697644,27.01,0.12261014131338334,,-0.37029078279999966,0.12261014131338334
2021-11-24,62395.921720000035,0.052119700748129584,0.02069825436408997,26.76,,,-0.37604078279999964,0.1122194513715712
2021-11-25,61897.18351000004,0.06546134663341643,0.021155444721529967,26.73,,0.1109725685785537,-0.38102816489999963,0.1109725685785537
2021-11-26,61897.18351000004,0.07855361596009978,0.022391936824605316,26.89,,,-0.38102816489999963,0.11762261014131346
2021-11-29,61897.18351000004,0.08960931005818797,0.024563591022444233,26.86,,,-0.38102816489999963,0.11637572734829596
2021-11-30,61897.18351000004,0.10141313383208651,0.026475477971737788,26.95,,,-0.38102816489999963,0.12011637572734833
2021-12-01,62076.70593000004,0.1129675810473817,0.029977140482128364,27.11,0.1267664172901081,,-0.3792329406999996,0.1267664172901081
2021-12-02,60698.574670000045,0.1128428927680801,0.033094347464671825,26.67,,0.10847880299251883,-0.39301425329999956,0.10847880299251883
2021-12-03,60879.752590000055,0.11637572734829611,0.03569201995012486,27.36,0.13715710723192023,,-0.3912024740999995,0.13715710723192023
2021-12-06,58602.08181000006,0.11741479634247727,0.037177888611804,26.51,,0.10182876142975907,-0.4139791818999994,0.10182876142975907
2021-12-07,58602.08181000006,0.1162510390689945,0.03941188694929365,26.73,,,-0.4139791818999994,0.1109725685785537
2021-12-08,58206.23412000007,0.11679135494596866,0.04265378221113901,26.89,0.11762261014131346,,-0.41793765879999933,0.11762261014131346
2021-12-09,57290.18556000007,0.11641729010806326,0.04404613466334184,26.64,,0.10723192019950133,-0.42709814439999927,0.10723192019950133
2021-12-10,57290.18556000007,0.11433915211970065,0.04580216126350791,26.39,,,-0.42709814439999927,0.09684123025768919
2021-12-13,57290.18556000007,0.11080631753948435,0.04615544472152959,26.01,,,-0.42709814439999927,0.08104738154613479
2021-12-14,57290.18556000007,0.10835411471321679,0.04722568578553618,26.36,,,-0.42709814439999927,0.09559434746467169
2021-12-15,57290.18556000007,0.10290939318370751,0.04765170407315045,25.8,,,-0.42709814439999927,0.07231920199501256
2021-12-16,57456.80712000007,0.10162094763092286,0.04882585203657521,26.36,0.09559434746467169,,-0.4254319287999993,0.09559434746467169
2021-12-17,56658.80712000007,0.09588528678304249,0.050384455527847094,25.98,0.07980049875311729,,-0.4334119287999993,0.07980049875311729
2021-12-20,55818.67608000007,0.09276807980049888,0.05177680798004977,25.76,,0.07065669160432266,-0.4418132391999993,0.07065669160432266
2021-12-21,55442.09888000008,0.09330839567747302,0.05483167082294266,26.86,0.11637572734829596,,-0.4455790111999992,0.11637572734829596
2021-12-22,55041.047280000064,0.09201995012468808,0.0581774729842062,26.58,,0.10473815461346632,-0.44958952719999934,0.10473815461346632
2021-12-23,55041.047280000064,0.09073150457190342,0.06132585203657539,26.33,,,-0.44958952719999934,0.09434746467165418
2021-12-24,55041.047280000064,0.08852867830423937,0.06381961762261025,25.86,,,-0.44958952719999934,0.07481296758104741
2021-12-27,55041.047280000064,0.09048212801330022,0.06706151288445561,26.48,,,-0.44958952719999934,0.10058187863674156
2021-12-28,55041.047280000064,0.09293433083956779,0.0711138819617622,26.95,,,-0.44958952719999934,0.12011637572734833
2021-12-29,55041.047280000064,0.10523690773067347,0.07684954280964272,28.76,,,-0.44958952719999934,0.19534497090606828
2021-12-30,54667.98209000006,0.1120947630922693,0.08132793017456372,28.01,0.16417290108063187,,-0.4533201790999994,0.16417290108063187
2021-12-31,54135.98209000006,0.11936824605153767,0.08602452202826279,27.73,,,-0.4586401790999994,0.15253532834580225
2022-01-04,55503.98209000006,0.13054862842892748,0.09131338320864532,28.45,,,-0.44496017909999935,0.18246051537822114
2022-01-05,54249.98209000006,0.13441396508728157,0.09565669160432257,27.79,0.1550290939318371,,-0.45750017909999935,0.1550290939318371
2022-01-06,54306.98209000006,0.1395677472984205,0.100124688279302,27.82,,,-0.4569301790999994,0.1562759767248546
2022-01-07,53035.76676000006,0.14264339152119695,0.10381338320864535,27.07,,0.1251039068994182,-0.4696423323999994,0.1251039068994182
2022-01-10,52673.88953000006,0.14808811305070652,0.10737738985868694,27.17,0.1292601828761431,,-0.47326110469999944,0.1292601828761431
2022-01-11,52161.25395000005,0.1495012468827931,0.11009975062344188,26.82,,0.11471321695760606,-0.47838746049999953,0.11471321695760606
2022-01-12,51798.977150000064,0.15054031587697422,0.11331047381546167,27.2,0.13050706566916045,,-0.48201022849999936,0.13050706566916045
2022-01-13,51152.977150000064,0.14264339152119695,0.11593931837074013,26.86,0.11637572734829596,,-0.4884702284999994,0.11637572734829596
2022-01-14,49955.977150000064,0.13524522028262684,0.11545095594347514,26.23,,,-0.5004402284999994,0.09019118869492943
2022-01-17,50677.977150000064,0.13059019118869492,0.11555486284289301,26.61,,,-0.49322022849999936,0.10598503740648382
2022-01-18,50012.977150000064,0.12148794679966743,0.11555486284289317,26.26,,,-0.49987022849999935,0.09143807148794693
2022-01-19,49480.977150000064,0.11396508728179555,0.11448462177888657,25.98,0.07980049875311729,,-0.5051902284999994,0.07980049875311729
2022-01-20,48381.24917000006,0.10465502909393172,0.11325852036575265,25.58,,0.06317539484621777,-0.5161875082999994,0.06317539484621777
2022-01-21,48381.24917000006,0.09596841230257694,0.11144014962593556,24.98,,,-0.5161875082999994,0.038237738985868734
2022-01-24,48521.993760000056,0.085328345802161,0.10907107231920214,24.61,0.022859517871986732,,-0.5147800623999994,0.022859517871986732
2022-01-25,46610.30439000006,0.0726517040731502,0.10586034912718237,23.77,,-0.012053200332502043,-0.5338969560999993,-0.012053200332502043
2022-01-26,46748.53262000006,0.06005818786367401,0.10297173732335883,24.17,0.004571903574397464,,-0.5325146737999994,0.004571903574397464
2022-01-27,45798.53262000006,0.046799667497921915,0.09939733998337537,23.67,,,-0.5420146737999993,-0.016209476309226808
2022-01-28,46012.452670000064,0.03732335827098918,0.09657107231920241,23.95,,-0.004571903574397317,-0.5398754732999994,-0.004571903574397317
2022-02-07,46012.452670000064,0.02901080631753965,0.09371363258520386,24.61,,,-0.5398754732999994,0.022859517871986732
2022-02-08,46012.452670000064,0.024355777223607586,0.09229010806317575,25.14,,,-0.5398754732999994,0.044887780548628506
2022-02-09,45693.72199000007,0.02136325852036558,0.09076267664172931,25.26,0.049875311720698375,,-0.5430627800999993,0.049875311720698375
2022-02-10,45531.72199000007,0.01965918536990852,0.08897547797173765,25.17,0.04613466334164601,,-0.5446827800999993,0.04613466334164601
2022-02-11,45270.00289000007,0.01953449709060692,0.08721945137157128,24.95,,0.03699085619285123,-0.5472999710999993,0.03699085619285123
2022-02-14,45270.00289000007,0.021363258520365875,0.0858270989193686,25.05,,,-0.5472999710999993,0.04114713216957615
2022-02-15,45270.00289000007,0.026392352452202894,0.08475685785536172,24.98,,,-0.5472999710999993,0.038237738985868734
2022-02-16,45270.00289000007,0.030174563591022555,0.08342684954280975,25.08,,,-0.5472999710999993,0.0423940149625935
2022-02-17,45270.00289000007,0.03458021612635082,0.08231504571903586,24.73,,,-0.5472999710999993,0.027847049044056597
2022-02-18,45270.00289000007,0.039152119700748285,0.08095386533665862,25.05,,,-0.5472999710999993,0.04114713216957615
2022-02-21,45270.00289000007,0.0417290108063176,0.08017456359102239,25.23,,,-0.5472999710999993,0.04862842892768087
2022-02-22,45270.00289000007,0.04031587697423119,0.07917705735660838,24.8,,,-0.5472999710999993,0.030756442227764007
2022-02-23,45270.00289000007,0.03902743142144654,0.07719243557772254,24.95,,,-0.5472999710999993,0.03699085619285123
2022-02-24,45270.00289000007,0.03474646716541972,0.07465710723192023,24.14,,,-0.5472999710999993,0.0033250207813799604
2022-02-25,45270.00289000007,0.031920199501246915,0.07251662510390704,24.27,,,-0.5472999710999993,0.00872817955112223
2022-02-28,45270.00289000007,0.028802992518703302,0.07089567747298414,24.3,,,-0.5472999710999993,0.009975062344139734
2022-03-01,45270.00289000007,0.028179551122194845,0.06918121363258523,24.83,,,-0.5472999710999993,0.03200332502078136
2022-03-02,45405.72379000008,0.028054862842892946,0.06720698254364094,25.05,0.04114713216957615,,-0.5459427620999993,0.04114713216957615
2022-03-03,45567.72379000008,0.029758935993350003,0.06344555278470485,25.14,,,-0.5443227620999992,0.044887780548628506
2022-03-04,45225.72379000008,0.029343308395677455,0.060266001662510366,24.95,,,-0.5477427620999993,0.03699085619285123
2022-03-07,44001.72379000008,0.02535328345802174,0.05667082294264333,24.27,,,-0.5599827620999992,0.00872817955112223
2022-03-08,41962.56319000008,0.019118869492934516,0.05131961762261022,23.3,,-0.03158769742310882,-0.5803743680999992,-0.03158769742310882
2022-03-09,41962.56319000008,0.006442227763923572,0.04519950124688274,21.9,,,-0.5803743680999992,-0.08977556109725687
2022-03-10,41962.56319000008,-0.0006650041562757559,0.03959891936824598,22.43,,,-0.5803743680999992,-0.0677472984206151
2022-03-11,41962.56319000008,-0.00781379883624253,0.03490232751454676,22.55,,,-0.5803743680999992,-0.06275976724854522
2022-03-14,42088.152430000075,-0.017539484621778765,0.029488778054862632,21.96,-0.08728179551122187,,-0.5791184756999993,-0.08728179551122187
2022-03-15,39599.152430000075,-0.03491271820448863,0.023077722360764646,20.65,,,-0.6040084756999993,-0.14172901080631756
2022-03-16,41366.152430000075,-0.049334995843723924,0.017238154613466103,21.58,-0.10307564422277642,,-0.5863384756999993,-0.10307564422277642
2022-03-17,41252.152430000075,-0.06438071487946784,0.011689526184538506,21.52,,,-0.5874784756999992,-0.10556940980881127
2022-03-18,41607.82977000007,-0.07722360764754782,0.007148794679966627,21.86,,-0.09143807148794678,-0.5839217022999993,-0.09143807148794678
2022-03-21,41728.65117000007,-0.0854114713216956,0.0026704073150456233,22.3,-0.07315045719035736,,-0.5827134882999992,-0.07315045719035736
2022-03-22,41728.65117000007,-0.08956774729842051,-0.0014443059019121386,22.3,,,-0.5827134882999992,-0.07315045719035736
2022-03-23,41108.46315000007,-0.08869492934330812,-0.0054655029093934404,22.11,,-0.08104738154613464,-0.5889153684999993,-0.08104738154613464
2022-03-24,41108.46315000007,-0.09064837905236883,-0.009226932668329232,21.96,,,-0.5889153684999993,-0.08728179551122187
2022-03-25,41108.46315000007,-0.09247714048212793,-0.012209060681629379,22.11,,,-0.5889153684999993,-0.08104738154613464
2022-03-28,41108.46315000007,-0.09272651704073143,-0.015024937655860476,21.9,,,-0.5889153684999993,-0.08977556109725687
2022-03-29,41227.93005000007,-0.08690773067331661,-0.016812136325852132,22.05,-0.0835411471321695,,-0.5877206994999993,-0.0835411471321695
2022-03-30,41797.948650000064,-0.08391521197007475,-0.018755195344971127,22.3,,-0.07315045719035736,-0.5820205134999994,-0.07315045719035736
2022-03-31,41797.948650000064,-0.08171238570241054,-0.020438487115544756,22.05,,,-0.5820205134999994,-0.0835411471321695
2022-04-01,41797.948650000064,-0.07988362427265144,-0.022152950955943822,22.3,,,-0.5820205134999994,-0.07315045719035736
2022-04-06,41920.82889000006,-0.07830423940149599,-0.02415835411471369,22.68,-0.05735660847880295,,-0.5807917110999994,-0.05735660847880295
2022-04-07,40894.82889000006,-0.07909393183707378,-0.02730673316708259,22.11,,,-0.5910517110999993,-0.08104738154613464
2022-04-08,40902.627750000065,-0.07842892768079773,-0.03041354945968449,22.27,,-0.07439733998337486,-0.5909737224999994,-0.07439733998337486
2022-04-11,41021.06523000007,-0.07884455527847042,-0.03385286783042419,21.86,-0.09143807148794678,,-0.5897893476999992,-0.09143807148794678
2022-04-12,42546.91371000007,-0.07664172901080638,-0.036253117206982884,22.64,,-0.05901911886949286,-0.5745308628999992,-0.05901911886949286
2022-04-13,42546.91371000007,-0.07443890274314216,-0.03897547797173767,22.43,,,-0.5745308628999992,-0.0677472984206151
2022-04-14,42546.91371000007,-0.0711970074812968,-0.04120947630922717,22.83,,,-0.5745308628999992,-0.05112219451371573
2022-04-15,42546.91371000007,-0.07015793848711564,-0.043838320864505786,22.55,,,-0.5745308628999992,-0.06275976724854522
2022-04-18,42260.73747000008,-0.06753948462177874,-0.04596841230257741,22.68,-0.05735660847880295,,-0.5773926252999992,-0.05735660847880295
2022-04-19,42816.09291000008,-0.06496259351620928,-0.04818162926018333,22.92,,-0.04738154613466322,-0.5718390708999992,-0.04738154613466322
2022-04-20,42816.09291000008,-0.06305070656691603,-0.050353283458021945,23.14,,,-0.5718390708999992,-0.03823773898586859
2022-04-21,42943.96975000008,-0.06201163757273472,-0.05288861180382425,22.36,-0.0706566916043225,,-0.5705603024999992,-0.0706566916043225
2022-04-22,42892.28006000008,-0.06109725685785517,-0.05544472152950984,22.49,,-0.06525353283458023,-0.5710771993999992,-0.06525353283458023
2022-04-25,42599.68266000008,-0.06521197007481279,-0.058842477140482394,20.87,-0.13258520365752277,,-0.5740031733999992,-0.13258520365752277
2022-04-26,42719.68266000008,-0.07231920199501227,-0.06231296758104768,20.93,-0.1300914380714879,,-0.5728031733999992,-0.1300914380714879
2022-04-27,43360.51066000008,-0.07660016625103877,-0.06532626766417311,21.4,,-0.11055694098088115,-0.5663948933999992,-0.11055694098088115
2022-04-28,43360.51066000008,-0.08216957605985009,-0.06879675810473826,21.49,,,-0.5663948933999992,-0.10681629260182877
2022-04-29,43360.51066000008,-0.0843724023275143,-0.0719451371571073,22.02,,,-0.5663948933999992,-0.084788029925187
2022-05-05,43360.51066000008,-0.0843724023275143,-0.07450124688279319,22.68,,,-0.5663948933999992,-0.05735660847880295
2022-05-06,43360.51066000008,-0.08640897755610961,-0.07711970074812995,22.43,,,-0.5663948933999992,-0.0677472984206151
2022-05-09,43360.51066000008,-0.08715710723191997,-0.07848088113050719,22.96,,,-0.5663948933999992,-0.04571903574397331
2022-05-10,43360.51066000008,-0.0850789692435578,-0.07893807148794689,22.86,,,-0.5663948933999992,-0.04987531172069823
2022-05-11,43060.16721000008,-0.0848295926849543,-0.07826267664172913,22.55,-0.06275976724854522,,-0.5693983278999992,-0.06275976724854522
2022-05-12,43345.56355000008,-0.07655860349127178,-0.07781587697423129,22.86,,-0.04987531172069823,-0.5665443644999992,-0.04987531172069823
2022-05-13,43345.56355000008,-0.06866167913549434,-0.07752493765586048,22.83,,,-0.5665443644999992,-0.05112219451371573
2022-05-16,43345.56355000008,-0.06271820448877807,-0.07662094763092264,22.83,,,-0.5665443644999992,-0.05112219451371573
2022-05-17,43474.35543000008,-0.05843724023275141,-0.0746778886118038,22.52,-0.06400665004156272,,-0.5652564456999992,-0.06400665004156272
2022-05-18,44783.81377000008,-0.05378221113881964,-0.0730569409808812,23.14,,-0.03823773898586859,-0.5521618622999992,-0.03823773898586859
2022-05-19,44783.81377000008,-0.049667497921861876,-0.07082294264339155,23.67,,,-0.5521618622999992,-0.016209476309226808
2022-05-20,44914.604290000076,-0.042560266001662406,-0.06845386533665844,24.14,0.0033250207813799604,,-0.5508539570999993,0.0033250207813799604
2022-05-23,43395.43057000008,-0.040482128013300096,-0.06724854530340808,23.46,,-0.02493765586034904,-0.5660456942999992,-0.02493765586034904
2022-05-24,43395.43057000008,-0.040731504571903596,-0.06672901080631752,22.8,,,-0.5660456942999992,-0.05236907730673309
2022-05-25,43524.05389000008,-0.03578553615960073,-0.06503532834580217,23.74,-0.013300083125519547,,-0.5647594610999992,-0.013300083125519547
2022-05-26,45144.05389000008,-0.028387364921030604,-0.06225062344139651,24.64,0.024106400665004236,,-0.5485594610999992,0.024106400665004236
2022-05-27,44119.06621000008,-0.02252701579384863,-0.060037406483790585,24.24,,0.007481296758104727,-0.5588093378999992,0.007481296758104727
2022-05-30,44119.06621000008,-0.013050706566915898,-0.05670199501246877,25.11,,,-0.5588093378999992,0.043640897755611
2022-05-31,44119.06621000008,-0.0030756442227763124,-0.05371986699916877,24.92,,,-0.5588093378999992,0.03574397339983387
2022-06-01,43821.379550000085,0.004571903574397464,-0.050935162094763106,24.98,0.038237738985868734,,-0.5617862044999992,0.038237738985868734
2022-06-02,43617.379550000085,0.009517871986699884,-0.04801537822111383,24.86,,,-0.5638262044999991,0.033250207813798865
2022-06-06,43522.08214000008,0.011970074812967592,-0.04549044056525354,24.73,,0.027847049044056597,-0.5647791785999993,0.027847049044056597
2022-06-07,43522.08214000008,0.01650041562759761,-0.04354738154613454,24.55,,,-0.5647791785999993,0.02036575228595187
2022-06-08,43522.08214000008,0.02323358270989198,-0.041147132169575995,24.42,,,-0.5647791785999993,0.0149625935162096
2022-06-09,43522.08214000008,0.0272236076475477,-0.0386221945137157,24.7,,,-0.5647791785999993,0.026600166251039094
2022-06-10,43650.41650000008,0.029052369077306656,-0.03527639235245216,25.08,0.0423940149625935,,-0.5634958349999992,0.0423940149625935
2022-06-13,42749.41650000008,0.03034081463009146,-0.033291770573566165,24.55,,,-0.5725058349999992,0.02036575228595187
2022-06-14,44228.41650000008,0.03162926018287641,-0.03018495428096427,25.42,,,-0.5577158349999992,0.056525353283458146
2022-06-15,43605.60841000009,0.03291770573566091,-0.027691188694929262,25.23,,0.04862842892768087,-0.5639439158999991,0.04862842892768087
2022-06-16,43605.60841000009,0.03370739817123857,-0.024968827930174624,25.17,,,-0.5639439158999991,0.04613466334164601
2022-06-17,43734.403300000085,0.03499584372402322,-0.022381546134663453,25.17,0.04613466334164601,,-0.5626559669999991,0.04613466334164601
2022-06-20,45141.15466000009,0.03994181213632609,-0.019264339152119843,25.92,,0.07730673316708242,-0.5485884533999992,0.07730673316708242
2022-06-21,45270.256570000085,0.0427680798004989,-0.017092684954280925,25.23,0.04862842892768087,,-0.5472974342999991,0.04862842892768087
2022-06-22,45219.256570000085,0.04600997506234411,-0.014141729010806361,25.2,0.04738154613466337,,-0.5478074342999991,0.04738154613466337
2022-06-23,45865.256570000085,0.049667497921862175,-0.010931005818786439,25.58,,,-0.5413474342999991,0.06317539484621777
2022-06-24,45995.279710000075,0.05174563591022434,-0.006036990856192884,25.58,,0.06317539484621777,-0.5400472028999993,0.06317539484621777
2022-06-27,45995.279710000075,0.054987531172069844,-0.0014650872817954191,25.33,,,-0.5400472028999993,0.052784704904405635
2022-06-28,45995.279710000075,0.05756442227763916,0.0033561928512053983,26.04,,,-0.5400472028999993,0.08229426433915214
2022-06-29,45995.279710000075,0.057315045719035805,0.007179966749792213,25.17,,,-0.5400472028999993,0.04613466334164601
2022-06-30,45691.992060000084,0.05847880299251856,0.010743973399833812,25.45,0.057772236076475504,,-0.5430800793999991,0.057772236076475504
2022-07-01,44663.67940000009,0.0578553615960101,0.013175394846217945,25.02,,0.039900249376558644,-0.5533632059999991,0.039900249376558644
2022-07-04,44361.10677000009,0.055652535328345895,0.016251039068994257,25.39,0.05527847049044064,,-0.5563889322999991,0.05527847049044064
2022-07-05,44380.13963000009,0.05710723192019945,0.01897339983374904,25.58,,0.06317539484621777,-0.5561986036999991,0.06317539484621777
2022-07-06,44513.15153000009,0.05440565253532839,0.02072942643391526,24.55,0.02036575228595187,,-0.554868484699999,0.02036575228595187
2022-07-07,46450.66163000009,0.05428096425602679,0.023846633416458873,25.55,,0.06192851205320042,-0.5354933836999991,0.06192851205320042
2022-07-08,46586.70761000009,0.052327514546965936,0.02618453865336684,25.11,0.043640897755611,,-0.5341329238999991,0.043640897755611
2022-07-11,46776.01109000009,0.051537822111388285,0.028584788029925385,25.14,,0.044887780548628506,-0.5322398890999991,0.044887780548628506
2022-07-12,46776.01109000009,0.04754779717373227,0.030922693266833206,25.08,,,-0.5322398890999991,0.0423940149625935
2022-07-13,46776.01109000009,0.05029093931837048,0.03436201163757291,25.83,,,-0.5322398890999991,0.07356608478802991
2022-07-14,46915.41623000009,0.05145469659185353,0.037053200332502256,25.73,0.06940980881130515,,-0.5308458376999992,0.06940980881130515
2022-07-15,47378.145290000095,0.056234413965087056,0.03965087281795529,26.17,,0.08769742310889456,-0.526218547099999,0.08769742310889456
2022-07-18,47378.145290000095,0.06192851205320012,0.04237323358271007,26.76,,,-0.526218547099999,0.1122194513715712
2022-07-19,47515.22972000009,0.06695760598503744,0.0458333333333335,26.79,0.11346633416458855,,-0.5248477027999991,0.11346633416458855
2022-07-20,48688.22972000009,0.07913549459684123,0.050696176226101466,27.48,,,-0.5131177027999991,0.1421446384039901
2022-07-21,47039.22972000009,0.08312551953449694,0.05357439733998344,26.51,,,-0.5296077027999991,0.10182876142975907
2022-07-22,47158.22972000009,0.08923524522028271,0.05559019118869502,26.58,0.10473815461346632,,-0.5284177027999991,0.10473815461346632
2022-07-25,46543.09934000009,0.09339152119700733,0.057564422277639304,26.14,,0.08645054031587705,-0.5345690065999992,0.08645054031587705
2022-07-26,46543.09934000009,0.098171238570241,0.058728179551122354,26.23,,,-0.5345690065999992,0.09019118869492943
2022-07-27,46677.82995000009,0.10024937655860346,0.06019326683291777,26.33,0.09434746467165418,,-0.5332217004999992,0.09434746467165418
2022-07-28,47919.96929000008,0.10544472152950968,0.062271404821280234,26.98,,0.12136325852036584,-0.5208003070999991,0.12136325852036584
2022-07-29,47919.96929000008,0.10465502909393172,0.06343516209476313,25.98,,,-0.5208003070999991,0.07980049875311729
2022-08-01,47919.96929000008,0.10207813798836242,0.06490024937655885,26.14,,,-0.5208003070999991,0.08645054031587705
2022-08-02,47599.97681000009,0.09613466334164585,0.06574189526184551,25.36,0.05403158769742314,,-0.5240002318999991,0.05403158769742314
2022-08-03,50661.183170000084,0.09405652535328353,0.06840191188694943,26.98,,0.12136325852036584,-0.49338816829999915,0.12136325852036584
2022-08-04,50661.183170000084,0.09135494596841233,0.06960723192019963,25.86,,,-0.49338816829999915,0.07481296758104741
2022-08-05,50661.183170000084,0.09056525353283452,0.07096841230257717,26.39,,,-0.49338816829999915,0.09684123025768919
2022-08-08,50320.74953000008,0.09405652535328353,0.07349334995843747,26.98,0.12136325852036584,,-0.4967925046999992,0.12136325852036584
2022-08-09,49534.43267000008,0.09613466334164585,0.07485453034081471,26.73,,0.1109725685785537,-0.5046556732999992,0.1109725685785537
2022-08-10,49534.43267000008,0.09962593516209485,0.0768703241895263,27.17,,,-0.5046556732999992,0.1292601828761431
2022-08-11,49534.43267000008,0.10103906899418111,0.0791043225270158,27.32,,,-0.5046556732999992,0.13549459684123033
2022-08-12,49534.43267000008,0.10453034081463013,0.08081878636741516,26.82,,,-0.5046556732999992,0.11471321695760606
2022-08-15,49199.046230000095,0.10635910224438878,0.08150457190357463,26.58,0.10473815461346632,,-0.508009537699999,0.10473815461346632
2022-08-16,49019.046230000095,0.111014131338321,0.08280340814630115,26.48,,,-0.509809537699999,0.10058187863674156
2022-08-17,49199.046230000095,0.10935162094763079,0.08423732335827128,26.58,0.10473815461346632,,-0.508009537699999,0.10473815461346632
2022-08-18,48890.75429000009,0.11130507065669164,0.08501662510390752,26.33,,0.09434746467165418,-0.5110924570999991,0.09434746467165418
2022-08-19,48890.75429000009,0.1096009975062343,0.08543225270157977,25.98,,,-0.5110924570999991,0.07980049875311729
2022-08-22,48890.75429000009,0.10660847880299258,0.08639858686616833,26.26,,,-0.5110924570999991,0.09143807148794693
2022-08-23,48890.75429000009,0.10507065669160412,0.08673108894430628,26.36,,,-0.5110924570999991,0.09559434746467169
2022-08-24,48890.75429000009,0.09559434746467155,0.08644014962593563,24.89,,,-0.5110924570999991,0.03449709060681637
2022-08-25,48890.75429000009,0.08603491271820436,0.08599334995843765,25.02,,,-0.5110924570999991,0.039900249376558644
2022-08-26,48890.75429000009,0.07660016625103908,0.08550498753117236,24.55,,,-0.5110924570999991,0.02036575228595187
2022-08-29,48890.75429000009,0.06828761429758953,0.0846633416458854,24.58,,,-0.5110924570999991,0.02161263507896923
2022-08-30,48890.75429000009,0.06076475477971752,0.08371778886118071,24.67,,,-0.5110924570999991,0.02535328345802174
2022-08-31,48890.75429000009,0.05024937655860377,0.08319825436409013,24.05,,,-0.5110924570999991,-0.0004156275976724028
2022-09-01,48890.75429000009,0.039983374896093236,0.08144222776392361,23.86,,,-0.5110924570999991,-0.00831255195344968
2022-09-02,49037.76269000009,0.03349958437240252,0.08072527015793869,24.42,0.0149625935162096,,-0.5096223730999991,0.0149625935162096
2022-09-05,49477.76269000009,0.026766417290108143,0.08020573566084811,24.64,0.024106400665004236,,-0.5052223730999991,0.024106400665004236
2022-09-06,49917.76269000009,0.02053200332502092,0.07997714048212819,24.86,,,-0.5008223730999991,0.033250207813798865
2022-09-07,49252.456690000094,0.019742310889443268,0.07880299251870357,24.7,,0.026600166251039094,-0.5074754330999991,0.026600166251039094
2022-09-08,49252.456690000094,0.018827930174563568,0.077836658354115,24.8,,,-0.5074754330999991,0.030756442227764007
2022-09-09,49394.45946000009,0.019991687448046472,0.07644430590191204,24.83,0.03200332502078136,,-0.506055405399999,0.03200332502078136
2022-09-13,49755.45946000009,0.021820448877805577,0.07463632585203665,25.02,0.039900249376558644,,-0.502445405399999,0.039900249376558644
2022-09-14,49234.49694000009,0.022859517871986878,0.07269326683291766,24.92,,0.03574397339983387,-0.5076550305999991,0.03574397339983387
2022-09-15,48907.1159200001,0.025062344139650937,0.06967996674979222,24.58,0.02161263507896923,,-0.510928840799999,0.02161263507896923
2022-09-16,47312.5851900001,0.024272651704073136,0.06672901080631752,23.67,,-0.016209476309226808,-0.526874148099999,-0.016209476309226808
2022-09-19,46997.324460000105,0.021155444721529526,0.06370532003325007,23.67,-0.016209476309226808,,-0.530026755399999,-0.016209476309226808
2022-09-20,46826.324460000105,0.01674979218620126,0.06104530340814616,23.58,-0.019950124688279322,,-0.531736755399999,-0.019950124688279322
2022-09-21,47244.324460000105,0.012344139650872844,0.05852036575228571,23.8,-0.01080631753948454,,-0.5275567553999989,-0.01080631753948454
2022-09-22,46655.324460000105,0.007315045719035825,0.05556940980881115,23.49,-0.023690773067331684,,-0.533446755399999,-0.023690773067331684
2022-09-23,45456.5958400001,-8.312551953445102e-05,0.05145469659185353,23.02,,-0.04322527015793846,-0.545434041599999,-0.04322527015793846
2022-09-26,45142.68804000011,-0.01022443890274294,0.047724438902743034,22.39,-0.069409808811305,,-0.5485731195999989,-0.069409808811305
2022-09-27,46582.68804000011,-0.018162926018287517,0.044576059850373835,23.11,,,-0.5341731195999989,-0.03948462177888609
2022-09-28,46522.68804000011,-0.025810473815461293,0.04220698254364087,23.08,-0.040731504571903596,,-0.5347731195999988,-0.040731504571903596
2022-09-29,45782.68804000011,-0.03358270989193667,0.03777015793848702,22.71,-0.05610972568578545,,-0.5421731195999989,-0.05610972568578545
2022-09-30,45522.68804000011,-0.038113050706566835,0.034362011637572756,22.58,-0.06151288445552787,,-0.5447731195999989,-0.06151288445552787
2022-10-10,45522.68804000011,-0.042643391521197005,0.03040315876974248,22.58,-0.06151288445552787,,-0.5447731195999989,-0.06151288445552787
2022-10-11,45842.68804000011,-0.046134663341645864,0.025997506234414214,22.74,,,-0.5415731195999989,-0.0548628428927681
2022-10-12,46842.68804000011,-0.048462177888611825,0.02237115544472159,23.24,-0.034081463009143824,,-0.5315731195999989,-0.034081463009143824
2022-10-13,46842.68804000011,-0.049501246882792976,0.01828761429758956,23.24,,,-0.5315731195999989,-0.034081463009143824
2022-10-14,47282.68804000011,-0.047672485453033875,0.014276807980049974,23.46,-0.02493765586034904,,-0.5271731195999989,-0.02493765586034904
2022-10-17,48402.68804000011,-0.04089775561097235,0.011367414796342712,24.02,,,-0.5159731195999989,-0.0016625103906899065
2022-10-18,48202.68804000011,-0.03753117206982524,0.008603491271820628,23.92,,,-0.5179731195999989,-0.005818786367414673
2022-10-19,47902.68804000011,-0.03466334164588512,0.00578761429758953,23.77,-0.012053200332502043,,-0.5209731195999989,-0.012053200332502043
2022-10-20,48405.9090400001,-0.029509559434746504,0.0030548628428930316,23.95,,-0.004571903574397317,-0.5159409095999989,-0.004571903574397317
2022-10-21,48405.9090400001,-0.023275145469659135,0.0007169576059853599,24.08,,,-0.5159409095999989,0.0008312551953449532
2022-10-24,48547.6800400001,-0.01924355777223597,-0.001807980049875085,23.55,-0.021197007481296676,,-0.514523199599999,-0.021197007481296676
2022-10-25,48808.86784000009,-0.01562759767248521,-0.004561512884455307,23.61,,-0.01870324189526182,-0.5119113215999991,-0.01870324189526182
2022-10-26,48808.86784000009,-0.01030756442227739,-0.0064733998337487145,24.52,,,-0.5119113215999991,0.019118869492934367
2022-10-27,48954.0100400001,-0.006691604322526926,-0.007283873649210092,24.11,0.002078137988362457,,-0.5104598995999989,0.002078137988362457
2022-10-28,46711.0716400001,-0.008935993349958432,-0.009465918536990723,22.92,,-0.04738154613466322,-0.532889283599999,-0.04738154613466322
2022-10-31,46711.0716400001,-0.012842892768079844,-0.010993349958437017,23.08,,,-0.532889283599999,-0.040731504571903596
2022-11-01,46711.0716400001,-0.013757273482959397,-0.011907730673316422,23.7,,,-0.532889283599999,-0.014962593516209453
2022-11-02,46711.0716400001,-0.012718204488778095,-0.012583125519534335,24.02,,,-0.532889283599999,-0.0016625103906899065
2022-11-03,46711.0716400001,-0.011679135494596793,-0.012427265170407147,24.2,,,-0.532889283599999,0.00581878636741482
2022-11-04,46386.221230000105,-0.010390689941812284,-0.011876558603491133,24.39,0.013715710723192097,,-0.536137787699999,0.013715710723192097
2022-11-07,46272.221230000105,-0.007148794679966775,-0.011970074812967592,24.33,0.01122194513715709,,-0.5372777876999989,0.01122194513715709
2022-11-08,45835.8913600001,-0.004405652535328267,-0.012354530340814558,24.27,,0.00872817955112223,-0.541641086399999,0.00872817955112223
2022-11-09,45835.8913600001,-0.004821280133000818,-0.012811720698254408,24.42,,,-0.541641086399999,0.0149625935162096
2022-11-10,45966.6818800001,-0.004696591853699215,-0.01339359933499586,24.14,0.0033250207813799604,,-0.5403331811999991,0.0033250207813799604
2022-11-11,46163.4294400001,0.0015378221113883038,-0.013788445552784686,24.42,,0.0149625935162096,-0.538365705599999,0.0149625935162096
2022-11-14,46302.05800000011,0.006359102244389121,-0.014401496259351429,24.24,0.007481296758104727,,-0.536979419999999,0.007481296758104727
2022-11-15,46891.05800000011,0.009891936824605284,-0.014889858686616865,24.55,,,-0.5310894199999989,0.02036575228595187
2022-11-16,46973.3561200001,0.011970074812967888,-0.015305486284289415,24.52,,0.019118869492934367,-0.530266438799999,0.019118869492934367
2022-11-17,46973.3561200001,0.014048212801330198,-0.015180798004987516,24.7,,,-0.530266438799999,0.026600166251039094
2022-11-18,46973.3561200001,0.013424771404821446,-0.01458852867830435,24.24,,,-0.530266438799999,0.007481296758104727
2022-11-21,46973.3561200001,0.012136325852036643,-0.014224854530340813,24.02,,,-0.530266438799999,-0.0016625103906899065
2022-11-22,46648.50571000011,0.012635078969243495,-0.013383208645054146,24.39,0.013715710723192097,,-0.5335149428999989,0.013715710723192097
2022-11-23,47911.417090000105,0.0149625935162096,-0.012157107231920218,24.98,,0.038237738985868734,-0.5208858290999989,0.038237738985868734
2022-11-24,47585.36797000011,0.01637572734829586,-0.01112842892768063,24.48,0.01745635910224446,,-0.524146320299999,0.01745635910224446
2022-11-25,46939.36797000011,0.015211970074812954,-0.009964671654197873,24.14,,,-0.5306063202999989,0.0033250207813799604
2022-11-28,47414.36797000011,0.01583541147132156,-0.007886533665835416,24.39,0.013715710723192097,,-0.525856320299999,0.013715710723192097
2022-11-29,48003.36797000011,0.01645885286783031,-0.006234413965087223,24.7,0.026600166251039094,,-0.5199663202999989,0.026600166251039094
2022-11-30,48003.36797000011,0.017206982543640812,-0.0045511221945137405,24.7,,,-0.5199663202999989,0.026600166251039094
2022-12-01,47448.9209900001,0.01670822942643381,-0.0026080631753947485,24.58,,0.02161263507896923,-0.525510790099999,0.02161263507896923
2022-12-02,47448.9209900001,0.018495428096425764,-0.00043640897755612627,24.67,,,-0.525510790099999,0.02535328345802174
2022-12-05,47127.792890000106,0.024438902743142334,0.0025457190357440207,25.45,0.057772236076475504,,-0.5287220710999989,0.057772236076475504
2022-12-06,47019.792890000106,0.028595178719866953,0.005299251870324243,25.39,,,-0.5298020710999989,0.05527847049044064
2022-12-07,47523.792890000106,0.03146300914380721,0.007824189526184541,25.67,0.06691604322527028,,-0.524762071099999,0.06691604322527028
2022-12-08,46914.82607000011,0.03574397339983373,0.010182876142975935,25.51,,0.06026600166251051,-0.5308517392999988,0.06026600166251051
2022-12-09,46914.82607000011,0.039900249376558644,0.011928512053200441,25.14,,,-0.5308517392999988,0.044887780548628506
2022-12-12,46914.82607000011,0.0425187032418954,0.012967581047381596,25.02,,,-0.5308517392999988,0.039900249376558644
2022-12-13,47050.005170000106,0.043557772236076556,0.014037822111388187,24.95,0.03699085619285123,,-0.5294999482999989,0.03699085619285123
2022-12-14,46888.005170000106,0.04422277639235261,0.015170407315045802,24.86,0.033250207813798865,,-0.531119948299999,0.033250207813798865
2022-12-15,47104.005170000106,0.04588528678304251,0.016240648379052543,24.98,,,-0.5289599482999989,0.038237738985868734
2022-12-16,47338.005170000106,0.04771404821280132,0.017310889443059134,25.11,0.043640897755611,,-0.5266199482999989,0.043640897755611
2022-12-19,45538.005170000106,0.042144638403990145,0.017892768079800735,24.11,0.002078137988362457,,-0.5446199482999989,0.002078137988362457
2022-12-20,45484.005170000106,0.03669991687448058,0.018381130507065874,24.08,,,-0.5451599482999989,0.0008312551953449532
2022-12-21,45088.005170000106,0.02917705735660855,0.017695344970906246,23.86,,,-0.549119948299999,-0.00831255195344968
2022-12-22,44476.005170000106,0.020906068162926172,0.017082294264339357,23.52,,,-0.5552399482999989,-0.02244389027431418
2022-12-23,44296.005170000106,0.013757273482959397,0.017601828761429936,23.42,-0.026600166251038948,,-0.5570399482999989,-0.026600166251038948
2022-12-26,45034.005170000106,0.008811305070656682,0.018381130507065725,23.83,-0.009559434746467184,,-0.549659948299999,-0.009559434746467184
2022-12-27,45196.005170000106,0.004530340814630165,0.01860972568578565,23.92,,,-0.5480399482999989,-0.005818786367414673
2022-12-28,44180.07653000011,-0.0010390689941811547,0.018090191188695075,23.52,,-0.02244389027431418,-0.5581992346999989,-0.02244389027431418
2022-12-29,44306.9660900001,-0.007522859517871878,0.017279717373233548,23.42,-0.026600166251038948,,-0.556930339099999,-0.026600166251038948
2022-12-30,44512.7726900001,-0.013383208645053999,0.016562759767248632,23.7,,-0.014962593516209453,-0.554872273099999,-0.014962593516209453
2023-01-03,44642.9130500001,-0.01375727348295925,0.016240648379052394,24.02,-0.0016625103906899065,,-0.553570869499999,-0.0016625103906899065
2023-01-04,44394.3159500001,-0.013881961762260852,0.01601205320033247,24.05,,-0.0004156275976724028,-0.556056840499999,-0.0004156275976724028
2023-01-05,44394.3159500001,-0.012967581047381448,0.01565876974231094,24.08,,,-0.556056840499999,0.0008312551953449532
2023-01-06,44394.3159500001,-0.011803823773898395,0.015305486284289268,23.8,,,-0.556056840499999,-0.01080631753948454
2023-01-09,44394.3159500001,-0.008146300914380483,0.015180798004987516,24.3,,,-0.556056840499999,0.009975062344139734
2023-01-10,44394.3159500001,-0.00868661679135493,0.01461970074812964,23.7,,,-0.556056840499999,-0.014962593516209453
2023-01-11,44394.3159500001,-0.010889443059018991,0.013414380714879288,23.39,,,-0.556056840499999,-0.02784704904405645
2023-01-12,44394.3159500001,-0.011928512053200294,0.01211554447215277,23.27,,,-0.556056840499999,-0.03283458021612632
2023-01-13,44394.3159500001,-0.01151288445552789,0.010889443059018991,23.52,,,-0.556056840499999,-0.02244389027431418
2023-01-16,44394.3159500001,-0.01109725685785534,0.010432252701579289,23.8,,,-0.556056840499999,-0.01080631753948454
2023-01-17,44394.3159500001,-0.012427265170407147,0.010099750623441336,23.7,,,-0.556056840499999,-0.014962593516209453
2023-01-18,44523.91451000009,-0.012967581047381448,0.00961138819617605,23.92,-0.005818786367414673,,-0.5547608548999992,-0.005818786367414673
2023-01-19,44811.91451000009,-0.012967581047381596,0.00867622610141307,24.08,,,-0.551880854899999,0.0008312551953449532
2023-01-20,45027.91451000009,-0.011305070656691837,0.008385286783042416,24.2,,,-0.5497208548999991,0.00581878636741482
2023-01-30,45295.40387000009,-0.010390689941812137,0.008780133000831244,24.52,,0.019118869492934367,-0.5470459612999992,0.019118869492934367
2023-01-31,44984.496350000096,-0.006483790523690576,0.009039900249376459,24.64,0.024106400665004236,,-0.5501550364999991,0.024106400665004236
